Rk,Player,Age,Team,Pos,G,GS,MP,FG,FGA,FG%,3P,3PA,3P%,2P,2PA,2P%,eFG%,FT,FTA,FT%,ORB,DRB,TRB,AST,STL,BLK,TOV,PF,PTS,Trp-Dbl,Awards,Player_Link,Year
1,James Harden,29,HOU,PG,78,78,2867,843,1909,.442,378,1028,.368,465,881,.528,.541,754,858,.879,66,452,518,586,158,58,387,244,2818,7,"MVP-2,AS,NBA1",https://www.basketball-reference.com/players/h/hardeja01.html,2019
2,Paul George,28,OKC,SF,77,77,2841,707,1614,.438,292,757,.386,415,857,.484,.529,453,540,.839,105,523,628,318,170,34,205,214,2159,1,"MVP-3,DPOY-3,AS,NBA1,DEF1",https://www.basketball-reference.com/players/g/georgpa01.html,2019
3,Kemba Walker,28,CHO,PG,82,82,2863,731,1684,.434,260,731,.356,471,953,.494,.511,380,450,.844,52,309,361,484,102,34,211,131,2102,0,"AS,NBA3",https://www.basketball-reference.com/players/w/walkeke02.html,2019
4,Bradley Beal,25,WAS,SG,82,82,3028,764,1609,.475,209,596,.351,555,1013,.548,.540,362,448,.808,89,322,411,448,121,58,224,226,2099,2,AS,https://www.basketball-reference.com/players/b/bealbr01.html,2019
5,Damian Lillard,28,POR,PG,80,80,2838,681,1533,.444,237,643,.369,444,890,.499,.522,468,513,.912,68,303,371,551,88,34,212,148,2067,0,"MVP-6,AS,NBA2",https://www.basketball-reference.com/players/l/lillada01.html,2019
6,Kevin Durant,30,GSW,SF,78,78,2702,721,1383,.521,137,388,.353,584,995,.587,.571,448,506,.885,33,464,497,457,58,84,225,155,2027,2,"MVP-8,AS,NBA2",https://www.basketball-reference.com/players/d/duranke01.html,2019
7,Giannis Antetokounmpo,24,MIL,PF,72,72,2358,721,1247,.578,52,203,.256,669,1044,.641,.599,500,686,.729,159,739,898,424,92,110,268,232,1994,5,"MVP-1,DPOY-2,AS,NBA1,DEF1",https://www.basketball-reference.com/players/a/antetgi01.html,2019
8,Stephen Curry,30,GSW,PG,69,69,2331,632,1340,.472,354,810,.437,278,530,.525,.604,263,287,.916,45,324,369,361,92,25,192,166,1881,0,"MVP-5,AS,NBA1",https://www.basketball-reference.com/players/c/curryst01.html,2019
9,Karl-Anthony Towns,23,MIN,C,77,77,2545,681,1314,.518,142,355,.400,539,959,.562,.572,376,450,.836,263,691,954,259,67,125,240,292,1880,0,AS,https://www.basketball-reference.com/players/t/townska01.html,2019
10,Blake Griffin,29,DET,PF,75,75,2622,619,1341,.462,189,522,.362,430,819,.525,.532,414,550,.753,100,465,565,402,52,28,253,199,1841,2,"AS,NBA3",https://www.basketball-reference.com/players/g/griffbl01.html,2019
11,Donovan Mitchell,22,UTA,SG,77,77,2598,661,1530,.432,188,519,.362,473,1011,.468,.493,319,396,.806,59,257,316,322,106,31,218,208,1829,0,,https://www.basketball-reference.com/players/m/mitchdo01.html,2019
12,Joel Embiid,24,PHI,C,64,64,2154,580,1199,.484,79,263,.300,501,936,.535,.517,522,649,.804,160,711,871,234,46,122,226,211,1761,2,"MVP-7,DPOY-4,AS,NBA2,DEF2",https://www.basketball-reference.com/players/e/embiijo01.html,2019
13,LaMarcus Aldridge,33,SAS,C,81,81,2687,684,1319,.519,10,42,.238,674,1277,.528,.522,349,412,.847,251,493,744,194,43,107,144,179,1727,0,AS,https://www.basketball-reference.com/players/a/aldrila01.html,2019
14,D'Angelo Russell,22,BRK,PG,81,81,2448,659,1517,.434,234,635,.369,425,882,.482,.512,160,205,.780,53,262,315,563,100,20,253,141,1712,0,AS,https://www.basketball-reference.com/players/r/russeda01.html,2019
15,Devin Booker,22,PHO,SG,64,64,2242,586,1255,.467,135,414,.326,451,841,.536,.521,393,454,.866,39,226,265,433,56,13,264,200,1700,0,,https://www.basketball-reference.com/players/b/bookede01.html,2019
16,Buddy Hield,26,SAC,SG,82,82,2615,623,1360,.458,278,651,.427,345,709,.487,.560,171,193,.886,106,306,412,205,58,33,146,202,1695,0,,https://www.basketball-reference.com/players/h/hieldbu01.html,2019
17,Klay Thompson,28,GSW,SG,78,78,2652,655,1402,.467,241,599,.402,414,803,.516,.553,129,158,.816,37,262,299,186,84,47,115,157,1680,0,"AS,DEF2",https://www.basketball-reference.com/players/t/thompkl01.html,2019
18,Russell Westbrook,30,OKC,PG,73,73,2630,630,1473,.428,119,411,.290,511,1062,.481,.468,296,451,.656,109,698,807,784,142,33,325,245,1675,34,"MVP-10,AS,NBA3",https://www.basketball-reference.com/players/w/westbru01.html,2019
19,Nikola Vučević,28,ORL,C,80,80,2510,701,1354,.518,84,231,.364,617,1123,.549,.549,179,227,.789,224,736,960,307,81,89,159,157,1665,1,AS,https://www.basketball-reference.com/players/v/vucevni01.html,2019
20,Tobias Harris,26,2TM,PF,82,82,2847,611,1254,.487,156,393,.397,455,861,.528,.549,266,307,.866,69,576,645,229,51,37,151,184,1644,0,,https://www.basketball-reference.com/players/h/harrito02.html,2019
20,Tobias Harris,26,LAC,PF,55,55,1903,424,855,.496,112,258,.434,312,597,.523,.561,192,219,.877,37,395,432,150,40,24,109,123,1152,0,,https://www.basketball-reference.com/players/h/harrito02.html,2019
20,Tobias Harris,26,PHI,PF,27,27,944,187,399,.469,44,135,.326,143,264,.542,.524,74,88,.841,32,181,213,79,11,13,42,61,492,0,,https://www.basketball-reference.com/players/h/harrito02.html,2019
21,DeMar DeRozan,29,SAS,SG,77,77,2688,631,1313,.481,7,45,.156,624,1268,.492,.483,366,441,.830,54,408,462,475,86,36,199,177,1635,1,,https://www.basketball-reference.com/players/d/derozde01.html,2019
22,Nikola Jokić,23,DEN,C,80,80,2504,616,1206,.511,83,270,.307,533,936,.569,.545,289,352,.821,228,637,865,580,108,55,248,228,1604,12,"MVP-4,AS,NBA1",https://www.basketball-reference.com/players/j/jokicni01.html,2019
23,Kyrie Irving,26,BOS,PG,67,67,2214,604,1241,.487,174,434,.401,430,807,.533,.557,214,245,.873,71,264,335,464,103,34,172,167,1596,1,"AS,NBA2",https://www.basketball-reference.com/players/i/irvinky01.html,2019
24,Kawhi Leonard,27,TOR,SF,60,60,2040,560,1129,.496,112,302,.371,448,827,.542,.546,364,426,.854,78,361,439,199,106,24,121,87,1596,0,"MVP-9,DPOY-6,AS,NBA2,DEF2",https://www.basketball-reference.com/players/l/leonaka01.html,2019
25,Julius Randle,24,NOP,PF,73,49,2232,571,1089,.524,67,195,.344,504,894,.564,.555,356,487,.731,162,472,634,229,52,45,208,246,1565,1,,https://www.basketball-reference.com/players/r/randlju01.html,2019
26,Trae Young,20,ATL,PG,81,81,2503,525,1256,.418,156,482,.324,369,774,.477,.480,343,414,.829,64,237,301,653,72,15,308,140,1549,1,ROY-2,https://www.basketball-reference.com/players/y/youngtr01.html,2019
27,Luka Dončić,19,DAL,SG,72,72,2318,506,1186,.427,168,514,.327,338,672,.503,.497,346,485,.713,86,477,563,429,77,25,247,137,1526,8,ROY-1,https://www.basketball-reference.com/players/d/doncilu01.html,2019
28,LeBron James,34,LAL,SF,55,55,1937,558,1095,.510,111,327,.339,447,768,.582,.560,278,418,.665,57,408,465,454,72,33,197,94,1505,8,"MVP-11,AS,NBA3",https://www.basketball-reference.com/players/j/jamesle01.html,2019
29,Lou Williams,32,LAC,SG,75,1,1993,484,1138,.425,105,291,.361,379,847,.447,.471,425,485,.876,40,182,222,402,57,11,181,80,1498,1,6MOY-1,https://www.basketball-reference.com/players/w/willilo02.html,2019
30,Zach LaVine,23,CHI,SG,63,62,2171,530,1135,.467,120,321,.374,410,814,.504,.520,312,375,.832,40,254,294,283,60,26,215,140,1492,0,,https://www.basketball-reference.com/players/l/lavinza01.html,2019
31,Mike Conley,31,MEM,PG,70,70,2342,490,1120,.438,155,426,.364,335,694,.483,.507,343,406,.845,40,199,239,449,94,22,130,123,1478,0,,https://www.basketball-reference.com/players/c/conlemi01.html,2019
32,CJ McCollum,27,POR,SG,70,70,2375,571,1243,.459,167,445,.375,404,798,.506,.527,159,192,.828,62,220,282,207,55,28,106,172,1468,1,,https://www.basketball-reference.com/players/m/mccolcj01.html,2019
33,Bojan Bogdanović,29,IND,SF,81,81,2573,522,1051,.497,164,386,.425,358,665,.538,.575,246,305,.807,33,300,333,161,69,1,134,138,1454,0,,https://www.basketball-reference.com/players/b/bogdabo02.html,2019
34,Anthony Davis,25,NOP,C,56,56,1850,530,1026,.517,48,145,.331,482,881,.547,.540,344,433,.794,174,498,672,218,88,135,112,132,1452,0,AS,https://www.basketball-reference.com/players/d/davisan02.html,2019
35,Jrue Holiday,28,NOP,SG,67,67,2402,547,1159,.472,118,363,.325,429,796,.539,.523,208,271,.768,75,259,334,518,109,54,210,148,1420,0,DEF2,https://www.basketball-reference.com/players/h/holidjr01.html,2019
36,Khris Middleton,27,MIL,SF,77,77,2393,506,1148,.441,179,474,.378,327,674,.485,.519,216,258,.837,50,411,461,331,80,7,174,172,1407,0,AS,https://www.basketball-reference.com/players/m/middlkh01.html,2019
37,De'Aaron Fox,21,SAC,PG,81,81,2546,505,1102,.458,86,232,.371,419,870,.482,.497,303,417,.727,43,261,304,590,133,45,227,204,1399,1,,https://www.basketball-reference.com/players/f/foxde01.html,2019
38,JJ Redick,34,PHI,SG,76,63,2379,452,1027,.440,240,605,.397,212,422,.502,.557,228,255,.894,20,166,186,206,32,17,101,129,1372,0,,https://www.basketball-reference.com/players/r/redicjj01.html,2019
39,Collin Sexton,20,CLE,PG,82,72,2605,519,1206,.430,119,296,.402,400,910,.440,.480,214,255,.839,57,179,236,243,44,6,185,186,1371,0,ROY-5,https://www.basketball-reference.com/players/s/sextoco01.html,2019
40,Andre Drummond,25,DET,C,79,79,2647,561,1052,.533,5,38,.132,556,1014,.548,.536,243,412,.590,423,809,1232,112,136,138,175,272,1370,0,,https://www.basketball-reference.com/players/d/drumman01.html,2019
41,Jamal Murray,21,DEN,PG,75,74,2447,513,1173,.437,152,414,.367,361,759,.476,.502,189,223,.848,65,252,317,363,67,27,158,153,1367,0,,https://www.basketball-reference.com/players/m/murraja01.html,2019
42,Jordan Clarkson,26,CLE,SG,81,0,2214,529,1180,.448,144,445,.324,385,735,.524,.509,162,192,.844,82,188,270,196,57,13,135,112,1364,0,,https://www.basketball-reference.com/players/c/clarkjo01.html,2019
43,Montrezl Harrell,25,LAC,C,82,5,2158,546,888,.615,3,17,.176,543,871,.623,.617,266,414,.643,184,351,535,162,71,110,132,255,1361,0,6MOY-3,https://www.basketball-reference.com/players/h/harremo01.html,2019
44,Pascal Siakam,24,TOR,PF,80,79,2548,519,945,.549,79,214,.369,440,731,.602,.591,237,302,.785,124,425,549,248,73,52,154,241,1354,0,MIP-1,https://www.basketball-reference.com/players/s/siakapa01.html,2019
45,Danilo Gallinari,30,LAC,SF,68,68,2059,409,884,.463,161,372,.433,248,512,.484,.554,367,406,.904,54,363,417,178,49,23,99,129,1346,0,,https://www.basketball-reference.com/players/g/gallida01.html,2019
46,Ben Simmons,22,PHI,PG,79,79,2700,540,960,.563,0,6,.000,540,954,.566,.563,257,428,.600,172,525,697,610,112,61,274,209,1337,10,AS,https://www.basketball-reference.com/players/s/simmobe01.html,2019
47,Andrew Wiggins,23,MIN,SF,73,73,2543,498,1209,.412,118,348,.339,380,861,.441,.461,207,296,.699,83,269,352,184,70,48,138,153,1321,0,,https://www.basketball-reference.com/players/w/wiggian01.html,2019
48,Kyle Kuzma,23,LAL,PF,70,68,2314,496,1087,.456,128,422,.303,368,665,.553,.515,188,250,.752,60,322,382,178,41,26,133,170,1308,0,,https://www.basketball-reference.com/players/k/kuzmaky01.html,2019
49,Rudy Gobert,26,UTA,C,81,80,2577,476,712,.669,0,0,,476,712,.669,.669,332,522,.636,309,732,1041,161,66,187,130,231,1284,0,"MVP-11,DPOY-1,NBA3,DEF1",https://www.basketball-reference.com/players/g/goberru01.html,2019
50,Harrison Barnes,26,2TM,PF,77,77,2533,431,1027,.420,174,441,.395,257,586,.439,.504,229,278,.824,57,304,361,115,50,13,98,122,1265,0,,https://www.basketball-reference.com/players/b/barneha02.html,2019
50,Harrison Barnes,26,DAL,PF,49,49,1584,290,717,.404,121,311,.389,169,406,.416,.489,165,198,.833,36,171,207,62,33,11,68,79,866,0,,https://www.basketball-reference.com/players/b/barneha02.html,2019
50,Harrison Barnes,26,SAC,SF,28,28,949,141,310,.455,53,130,.408,88,180,.489,.540,64,80,.800,21,133,154,53,17,2,30,43,399,0,,https://www.basketball-reference.com/players/b/barneha02.html,2019
1,James Harden,30,HOU,SG,68,68,2483,672,1514,.444,299,843,.355,373,671,.556,.543,692,800,.865,70,376,446,512,125,60,308,227,2335,4,"MVP-3,AS,NBA1",https://www.basketball-reference.com/players/h/hardeja01.html,2020
2,Damian Lillard,29,POR,PG,66,66,2474,624,1349,.463,270,674,.401,354,675,.524,.563,460,518,.888,33,251,284,530,70,22,194,114,1978,1,"MVP-8,AS,NBA2",https://www.basketball-reference.com/players/l/lillada01.html,2020
3,Devin Booker,23,PHO,SG,70,70,2512,627,1283,.489,141,398,.354,486,885,.549,.544,468,509,.919,29,268,297,456,49,18,264,213,1863,0,AS,https://www.basketball-reference.com/players/b/bookede01.html,2020
4,Giannis Antetokounmpo,25,MIL,PF,63,63,1917,685,1238,.553,89,293,.304,596,945,.631,.589,398,629,.633,140,716,856,354,61,66,230,195,1857,4,"MVP-1,DPOY-1,AS,NBA1,DEF1",https://www.basketball-reference.com/players/a/antetgi01.html,2020
5,Trae Young,21,ATL,PG,60,60,2120,546,1249,.437,205,568,.361,341,681,.501,.519,481,559,.860,32,223,255,560,65,8,289,104,1778,2,AS,https://www.basketball-reference.com/players/y/youngtr01.html,2020
6,Luka Dončić,20,DAL,PG,61,61,2047,581,1255,.463,171,541,.316,410,714,.574,.531,426,562,.758,78,495,573,538,62,14,260,153,1759,17,"MVP-4,AS,NBA1",https://www.basketball-reference.com/players/d/doncilu01.html,2020
7,Bradley Beal,26,WAS,SG,57,57,2053,593,1303,.455,170,481,.353,423,822,.515,.520,385,457,.842,52,190,242,347,71,23,194,126,1741,0,,https://www.basketball-reference.com/players/b/bealbr01.html,2020
8,LeBron James,35,LAL,PG,67,67,2316,643,1303,.493,148,425,.348,495,878,.564,.550,264,381,.693,66,459,525,684,78,36,261,118,1698,13,"MVP-2,AS,NBA1",https://www.basketball-reference.com/players/j/jamesle01.html,2020
9,Donovan Mitchell,23,UTA,SG,69,69,2364,602,1342,.449,173,473,.366,429,869,.494,.513,278,322,.863,53,251,304,294,70,14,184,172,1655,0,AS,https://www.basketball-reference.com/players/m/mitchdo01.html,2020
10,Anthony Davis,26,LAL,PF,62,62,2131,551,1096,.503,72,218,.330,479,878,.546,.536,444,525,.846,142,435,577,200,91,143,154,156,1618,0,"MVP-6,DPOY-2,AS,NBA1,DEF1",https://www.basketball-reference.com/players/d/davisan02.html,2020
11,CJ McCollum,28,POR,SG,70,70,2556,611,1356,.451,194,512,.379,417,844,.494,.522,140,185,.757,46,251,297,310,54,42,127,183,1556,0,,https://www.basketball-reference.com/players/m/mccolcj01.html,2020
12,Russell Westbrook,31,HOU,PG,57,57,2049,604,1281,.472,55,213,.258,549,1068,.514,.493,290,380,.763,100,351,451,401,93,20,255,200,1553,8,"AS,NBA3",https://www.basketball-reference.com/players/w/westbru01.html,2020
13,Jayson Tatum,21,BOS,PF,66,66,2265,552,1226,.450,189,469,.403,363,757,.480,.527,254,313,.812,64,396,460,200,93,57,155,136,1547,0,"MVP-12,AS,NBA3",https://www.basketball-reference.com/players/t/tatumja01.html,2020
14,Kawhi Leonard,28,LAC,SF,57,57,1848,532,1133,.470,123,325,.378,409,808,.506,.524,356,402,.886,54,348,402,280,103,33,149,113,1543,1,"MVP-5,DPOY-8,AS,NBA2,DEF2",https://www.basketball-reference.com/players/l/leonaka01.html,2020
15,Zach LaVine,24,CHI,SF,60,60,2085,539,1199,.450,184,484,.380,355,715,.497,.526,268,334,.802,41,248,289,254,88,28,206,131,1530,0,,https://www.basketball-reference.com/players/l/lavinza01.html,2020
16,DeMar DeRozan,30,SAS,SF,68,68,2316,557,1049,.531,9,35,.257,548,1014,.540,.535,381,451,.845,44,331,375,380,70,20,164,180,1504,0,,https://www.basketball-reference.com/players/d/derozde01.html,2020
17,Brandon Ingram,22,NOP,PF,62,62,2104,507,1096,.463,150,384,.391,357,712,.501,.531,313,368,.851,51,329,380,259,61,38,189,179,1477,0,"MIP-1,AS",https://www.basketball-reference.com/players/i/ingrabr01.html,2020
18,Nikola Jokić,24,DEN,C,73,73,2336,565,1071,.528,80,255,.314,485,816,.594,.565,246,301,.817,166,545,711,512,85,44,226,222,1456,13,"MVP-9,AS,NBA2",https://www.basketball-reference.com/players/j/jokicni01.html,2020
19,Tobias Harris,27,PHI,PF,72,72,2469,553,1173,.471,131,357,.367,422,816,.517,.527,174,216,.806,69,426,495,227,53,40,104,165,1411,0,,https://www.basketball-reference.com/players/h/harrito02.html,2020
20,Buddy Hield,27,SAC,SG,72,44,2216,498,1162,.429,271,688,.394,227,474,.479,.545,115,136,.846,57,271,328,213,66,17,168,165,1382,0,,https://www.basketball-reference.com/players/h/hieldbu01.html,2020
21,Pascal Siakam,25,TOR,PF,60,60,2110,500,1104,.453,131,365,.359,369,739,.499,.512,240,303,.792,64,375,439,207,61,53,148,170,1371,0,"MVP-10,AS,NBA2",https://www.basketball-reference.com/players/s/siakapa01.html,2020
22,Collin Sexton,21,CLE,PG,65,65,2143,513,1086,.472,97,255,.380,416,831,.501,.517,226,267,.846,61,143,204,192,65,7,158,142,1349,0,,https://www.basketball-reference.com/players/s/sextoco01.html,2020
23,Shai Gilgeous-Alexander,21,OKC,SG,70,70,2428,478,1015,.471,87,251,.347,391,764,.512,.514,288,357,.807,47,365,412,232,79,47,134,117,1331,1,,https://www.basketball-reference.com/players/g/gilgesh01.html,2020
24,T.J. Warren,26,IND,SF,67,67,2202,534,997,.536,91,226,.403,443,771,.575,.581,167,204,.819,68,212,280,99,78,34,84,187,1326,0,,https://www.basketball-reference.com/players/w/warretj01.html,2020
25,Spencer Dinwiddie,26,BRK,PG,64,49,1994,424,1021,.415,123,400,.308,301,621,.485,.476,347,446,.778,32,189,221,432,40,21,174,180,1318,0,,https://www.basketball-reference.com/players/d/dinwisp01.html,2020
26,Khris Middleton,28,MIL,SF,62,59,1853,471,947,.497,147,354,.415,324,593,.546,.575,208,227,.916,44,338,382,265,53,7,137,142,1297,0,AS,https://www.basketball-reference.com/players/m/middlkh01.html,2020
27,Bojan Bogdanović,30,UTA,SF,63,63,2083,418,935,.447,189,457,.414,229,478,.479,.548,250,277,.903,39,220,259,131,34,7,159,110,1275,0,,https://www.basketball-reference.com/players/b/bogdabo02.html,2020
28,Julius Randle,25,NYK,PF,64,64,2080,463,1006,.460,64,231,.277,399,775,.515,.492,258,352,.733,151,471,622,198,51,22,193,178,1248,0,,https://www.basketball-reference.com/players/r/randlju01.html,2020
29,Chris Paul,34,OKC,PG,70,70,2208,434,887,.489,111,304,.365,323,583,.554,.552,253,279,.907,26,323,349,472,111,11,161,158,1232,0,"MVP-7,AS,NBA2",https://www.basketball-reference.com/players/p/paulch01.html,2020
30,Dennis Schröder,26,OKC,PG,65,2,1999,453,965,.469,125,325,.385,328,640,.513,.534,198,236,.839,19,217,236,262,45,14,166,146,1229,0,6MOY-2,https://www.basketball-reference.com/players/s/schrode01.html,2020
31,Evan Fournier,27,ORL,SF,66,66,2076,434,929,.467,173,434,.399,261,495,.527,.560,180,220,.818,18,153,171,209,71,15,125,161,1221,0,,https://www.basketball-reference.com/players/f/fournev01.html,2020
32,Nikola Vučević,29,ORL,C,62,62,1998,493,1033,.477,98,289,.339,395,744,.531,.525,131,167,.784,140,533,673,222,54,47,88,135,1215,0,,https://www.basketball-reference.com/players/v/vucevni01.html,2020
33,Ja Morant,20,MEM,PG,67,67,2074,447,937,.477,60,179,.335,387,758,.511,.509,239,308,.776,51,208,259,488,58,18,220,110,1193,2,ROY-1,https://www.basketball-reference.com/players/m/moranja01.html,2020
34,Lou Williams,33,LAC,PG,65,8,1864,391,936,.418,111,315,.352,280,621,.451,.477,292,339,.861,31,170,201,365,43,12,182,80,1185,0,6MOY-3,https://www.basketball-reference.com/players/w/willilo02.html,2020
35,Dillon Brooks,24,MEM,SG,73,73,2112,435,1068,.407,147,411,.358,288,657,.438,.476,164,203,.808,68,175,243,150,63,27,124,278,1181,0,,https://www.basketball-reference.com/players/b/brookdi01.html,2020
36,Andrew Wiggins,24,2TM,SF,54,54,1858,437,978,.447,111,334,.332,326,644,.506,.504,190,268,.709,66,208,274,198,45,53,132,127,1175,1,,https://www.basketball-reference.com/players/w/wiggian01.html,2020
36,Andrew Wiggins,24,MIN,SF,42,42,1455,351,790,.444,91,275,.331,260,515,.505,.502,149,207,.720,48,171,219,155,29,36,107,101,942,1,,https://www.basketball-reference.com/players/w/wiggian01.html,2020
36,Andrew Wiggins,24,GSW,SF,12,12,403,86,188,.457,20,59,.339,66,129,.512,.511,41,61,.672,18,37,55,43,16,17,25,26,233,0,,https://www.basketball-reference.com/players/w/wiggian01.html,2020
37,Montrezl Harrell,26,LAC,C,63,2,1749,471,812,.580,0,18,.000,471,794,.593,.580,231,351,.658,163,282,445,107,39,72,108,146,1173,0,6MOY-1,https://www.basketball-reference.com/players/h/harremo01.html,2020
38,Joel Embiid,25,PHI,C,51,51,1506,382,801,.477,57,172,.331,325,629,.517,.512,351,435,.807,141,452,593,152,45,65,159,174,1172,0,AS,https://www.basketball-reference.com/players/e/embiijo01.html,2020
39,Jrue Holiday,29,NOP,SG,61,61,2117,458,1006,.455,122,346,.353,336,660,.509,.516,129,182,.709,77,216,293,408,99,48,184,145,1167,1,,https://www.basketball-reference.com/players/h/holidjr01.html,2020
40,Kristaps Porziņģis,24,DAL,C,57,57,1814,398,932,.427,142,403,.352,256,529,.484,.503,226,283,.799,100,440,540,102,41,115,92,185,1164,0,,https://www.basketball-reference.com/players/p/porzikr01.html,2020
41,Danilo Gallinari,31,OKC,PF,62,62,1834,358,817,.438,178,439,.405,180,378,.476,.547,266,298,.893,34,288,322,119,42,5,76,75,1160,0,,https://www.basketball-reference.com/players/g/gallida01.html,2020
42,Jaylen Brown,23,BOS,SG,57,57,1934,427,887,.481,129,338,.382,298,549,.543,.554,176,243,.724,62,302,364,118,65,20,125,167,1159,0,,https://www.basketball-reference.com/players/b/brownja02.html,2020
43,Jimmy Butler,30,MIA,SF,58,58,1959,345,758,.455,29,119,.244,316,639,.495,.474,438,525,.834,106,280,386,350,103,32,127,81,1157,3,"MVP-11,AS,NBA3",https://www.basketball-reference.com/players/b/butleji01.html,2020
44,Domantas Sabonis,23,IND,PF,62,62,2159,458,848,.540,17,67,.254,441,781,.565,.550,214,296,.723,189,582,771,310,47,30,170,195,1147,4,AS,https://www.basketball-reference.com/players/s/sabondo01.html,2020
45,Bam Adebayo,22,MIA,PF,72,72,2417,440,790,.557,2,14,.143,438,776,.564,.558,264,382,.691,176,559,735,368,82,93,204,182,1146,3,"DPOY-5,AS,DEF2",https://www.basketball-reference.com/players/a/adebaba01.html,2020
46,Devonte' Graham,24,CHO,PG,63,53,2211,368,963,.382,218,585,.373,150,378,.397,.495,191,233,.820,42,170,212,471,62,15,181,115,1145,0,,https://www.basketball-reference.com/players/g/grahade01.html,2020
47,Kemba Walker,29,BOS,PG,56,56,1742,378,889,.425,180,473,.381,198,416,.476,.526,209,242,.864,36,181,217,268,48,28,117,91,1145,0,AS,https://www.basketball-reference.com/players/w/walkeke02.html,2020
48,Terry Rozier,25,CHO,PG,63,63,2164,398,941,.423,172,423,.407,226,518,.436,.514,166,190,.874,50,226,276,259,61,10,141,126,1134,0,,https://www.basketball-reference.com/players/r/roziete01.html,2020
49,Kyle Lowry,33,TOR,PG,58,58,2098,334,803,.416,164,466,.352,170,337,.504,.518,294,343,.857,32,260,292,433,82,26,178,190,1126,2,AS,https://www.basketball-reference.com/players/l/lowryky01.html,2020
50,Tim Hardaway Jr.,27,DAL,SG,71,58,2091,384,884,.434,204,513,.398,180,371,.485,.550,149,182,.819,25,207,232,137,41,5,69,125,1121,0,,https://www.basketball-reference.com/players/h/hardati02.html,2020
1,Stephen Curry,32,GSW,PG,63,63,2152,658,1365,.482,337,801,.421,321,564,.569,.605,362,395,.916,29,316,345,363,77,8,213,119,2015,0,"MVP-3,AS,NBA1",https://www.basketball-reference.com/players/c/curryst01.html,2021
2,Damian Lillard,30,POR,PG,67,67,2398,602,1334,.451,275,704,.391,327,630,.519,.554,449,484,.928,32,251,283,505,62,17,203,102,1928,0,"MVP-7,AS,NBA2",https://www.basketball-reference.com/players/l/lillada01.html,2021
3,Nikola Jokić,25,DEN,C,72,72,2488,732,1293,.566,92,237,.388,640,1056,.606,.602,342,394,.868,205,575,780,599,95,48,222,192,1898,16,"MVP-1,AS,NBA1",https://www.basketball-reference.com/players/j/jokicni01.html,2021
4,Bradley Beal,27,WAS,SG,60,60,2147,670,1382,.485,130,373,.349,540,1009,.535,.532,408,459,.889,72,211,283,265,69,22,187,140,1878,0,"AS,NBA3",https://www.basketball-reference.com/players/b/bealbr01.html,2021
5,Luka Dončić,21,DAL,PG,66,66,2262,647,1351,.479,192,548,.350,455,803,.567,.550,344,471,.730,54,473,527,567,64,36,281,152,1830,11,"MVP-6,AS,NBA1",https://www.basketball-reference.com/players/d/doncilu01.html,2021
6,Giannis Antetokounmpo,26,MIL,PF,61,61,2013,626,1100,.569,67,221,.303,559,879,.636,.600,398,581,.685,97,574,671,357,72,73,207,168,1717,7,"MVP-4,DPOY-5,AS,NBA1,DEF1",https://www.basketball-reference.com/players/a/antetgi01.html,2021
7,Devin Booker,24,PHO,SG,67,67,2270,623,1287,.484,126,371,.340,497,916,.543,.533,340,392,.867,34,247,281,289,53,16,207,181,1712,0,AS,https://www.basketball-reference.com/players/b/bookede01.html,2021
8,Julius Randle,26,NYK,PF,71,71,2667,602,1321,.456,160,389,.411,442,932,.474,.516,348,429,.811,84,639,723,427,64,18,241,225,1712,6,"MVP-8,MIP-1,AS,NBA2",https://www.basketball-reference.com/players/r/randlju01.html,2021
9,Jayson Tatum,22,BOS,SF,64,64,2290,605,1318,.459,187,485,.386,418,833,.502,.530,295,340,.868,50,422,472,276,75,31,171,122,1692,1,AS,https://www.basketball-reference.com/players/t/tatumja01.html,2021
10,Zion Williamson,20,NOP,PF,61,61,2026,634,1037,.611,10,34,.294,624,1003,.622,.616,369,529,.698,167,274,441,226,57,39,167,135,1647,0,AS,https://www.basketball-reference.com/players/w/willizi01.html,2021
11,Nikola Vučević,30,2TM,C,70,70,2348,666,1396,.477,176,440,.400,490,956,.513,.540,131,156,.840,146,671,817,269,65,48,126,137,1639,2,AS,https://www.basketball-reference.com/players/v/vucevni01.html,2021
11,Nikola Vučević,30,ORL,C,44,44,1500,436,908,.480,117,288,.406,319,620,.515,.545,91,110,.827,87,430,517,167,42,28,83,79,1080,1,,https://www.basketball-reference.com/players/v/vucevni01.html,2021
11,Nikola Vučević,30,CHI,C,26,26,848,230,488,.471,59,152,.388,171,336,.509,.532,40,46,.870,59,241,300,102,23,20,43,58,559,1,,https://www.basketball-reference.com/players/v/vucevni01.html,2021
12,Trae Young,22,ATL,PG,63,63,2125,487,1112,.438,136,397,.343,351,715,.491,.499,484,546,.886,38,207,245,594,53,12,261,111,1594,0,,https://www.basketball-reference.com/players/y/youngtr01.html,2021
13,Zach LaVine,25,CHI,SG,58,58,2034,569,1123,.507,200,477,.419,369,646,.571,.596,253,298,.849,36,253,289,282,46,27,203,138,1591,0,AS,https://www.basketball-reference.com/players/l/lavinza01.html,2021
14,De'Aaron Fox,23,SAC,PG,58,58,2036,529,1110,.477,103,320,.322,426,790,.539,.523,300,417,.719,33,170,203,417,87,27,174,170,1461,0,,https://www.basketball-reference.com/players/f/foxde01.html,2021
15,Collin Sexton,22,CLE,SG,60,60,2115,525,1105,.475,98,264,.371,427,841,.508,.519,312,383,.815,58,129,187,262,62,10,167,157,1460,0,,https://www.basketball-reference.com/players/s/sextoco01.html,2021
16,Joel Embiid,26,PHI,C,51,51,1585,461,899,.513,58,154,.377,403,745,.541,.545,471,548,.859,113,426,539,145,50,69,159,123,1451,0,"MVP-2,DPOY-7,AS,NBA2,DEF2",https://www.basketball-reference.com/players/e/embiijo01.html,2021
17,Kyrie Irving,28,BRK,PG,54,54,1886,549,1086,.506,152,378,.402,397,708,.561,.576,201,218,.922,52,205,257,324,76,37,130,140,1451,0,"AS,NBA3",https://www.basketball-reference.com/players/i/irvinky01.html,2021
18,Brandon Ingram,23,NOP,SF,61,61,2093,513,1101,.466,143,375,.381,370,726,.510,.531,281,320,.878,34,265,299,296,42,36,154,124,1450,0,,https://www.basketball-reference.com/players/i/ingrabr01.html,2021
19,Russell Westbrook,32,WAS,PG,65,65,2369,544,1238,.439,86,273,.315,458,965,.475,.474,271,413,.656,109,641,750,763,89,23,312,190,1445,38,MVP-11,https://www.basketball-reference.com/players/w/westbru01.html,2021
20,Jaylen Brown,24,BOS,SG,58,58,1999,538,1111,.484,163,411,.397,375,700,.536,.558,191,250,.764,71,276,347,195,72,32,158,168,1430,0,AS,https://www.basketball-reference.com/players/b/brownja02.html,2021
21,Terry Rozier,26,CHO,SG,69,69,2383,510,1134,.450,222,571,.389,288,563,.512,.548,165,202,.817,47,255,302,293,87,26,128,119,1407,0,,https://www.basketball-reference.com/players/r/roziete01.html,2021
22,Donovan Mitchell,24,UTA,PG,53,53,1771,478,1091,.438,178,461,.386,300,630,.476,.520,267,316,.845,50,185,235,277,52,15,147,117,1401,0,AS,https://www.basketball-reference.com/players/m/mitchdo01.html,2021
23,Anthony Edwards,19,MIN,SG,72,55,2314,505,1211,.417,171,520,.329,334,691,.483,.488,211,272,.776,59,277,336,211,82,36,160,129,1392,0,ROY-2,https://www.basketball-reference.com/players/e/edwaran01.html,2021
24,Khris Middleton,29,MIL,SF,68,68,2269,511,1074,.476,151,365,.414,360,709,.508,.546,212,236,.898,54,352,406,370,74,9,178,160,1385,0,,https://www.basketball-reference.com/players/m/middlkh01.html,2021
25,Andrew Wiggins,25,GSW,PF,71,71,2364,505,1058,.477,140,368,.380,365,690,.529,.543,170,238,.714,82,265,347,167,67,70,126,159,1320,0,,https://www.basketball-reference.com/players/w/wiggian01.html,2021
26,DeMar DeRozan,31,SAS,PF,61,61,2056,455,920,.495,19,74,.257,436,846,.515,.505,387,440,.880,40,219,259,422,56,15,119,128,1316,0,,https://www.basketball-reference.com/players/d/derozde01.html,2021
27,Kawhi Leonard,29,LAC,SF,52,52,1773,465,908,.512,101,254,.398,364,654,.557,.568,261,295,.885,55,282,337,269,81,21,105,82,1292,0,"MVP-13,AS,NBA1,DEF2",https://www.basketball-reference.com/players/l/leonaka01.html,2021
28,Norman Powell,27,2TM,SG,69,58,2205,438,918,.477,171,416,.411,267,502,.532,.570,236,271,.871,42,173,215,129,82,18,119,160,1283,0,,https://www.basketball-reference.com/players/p/powelno01.html,2021
28,Norman Powell,27,TOR,SG,42,31,1277,282,566,.498,118,269,.439,164,297,.552,.602,141,163,.865,19,107,126,77,47,8,77,98,823,0,,https://www.basketball-reference.com/players/p/powelno01.html,2021
28,Norman Powell,27,POR,SF,27,27,928,156,352,.443,53,147,.361,103,205,.502,.518,95,108,.880,23,66,89,52,35,10,42,62,460,0,,https://www.basketball-reference.com/players/p/powelno01.html,2021
29,RJ Barrett,20,NYK,SG,72,72,2511,467,1060,.441,124,309,.401,343,751,.457,.499,206,276,.746,68,346,414,217,53,20,139,188,1264,0,,https://www.basketball-reference.com/players/b/barrerj01.html,2021
30,Domantas Sabonis,24,IND,PF,62,62,2231,484,904,.535,52,162,.321,432,742,.582,.564,240,328,.732,150,592,742,415,76,33,213,203,1260,9,AS,https://www.basketball-reference.com/players/s/sabondo01.html,2021
31,Paul George,30,LAC,SF,54,54,1821,445,953,.467,171,416,.411,274,537,.510,.557,198,228,.868,45,314,359,280,62,24,179,132,1259,0,"AS,NBA3",https://www.basketball-reference.com/players/g/georgpa01.html,2021
32,Jordan Clarkson,28,UTA,SG,68,1,1818,457,1075,.425,208,599,.347,249,476,.523,.522,129,144,.896,47,227,274,168,61,10,115,110,1251,0,6MOY-1,https://www.basketball-reference.com/players/c/clarkjo01.html,2021
33,Karl-Anthony Towns,25,MIN,C,50,50,1689,425,875,.486,122,315,.387,303,560,.541,.555,267,311,.859,133,396,529,225,39,57,160,186,1239,0,,https://www.basketball-reference.com/players/t/townska01.html,2021
34,Bojan Bogdanović,31,UTA,SF,72,72,2216,406,925,.439,180,461,.390,226,464,.487,.536,233,265,.879,40,241,281,136,45,4,128,115,1225,0,,https://www.basketball-reference.com/players/b/bogdabo02.html,2021
35,Tobias Harris,28,PHI,PF,62,62,2014,473,924,.512,82,208,.394,391,716,.546,.556,182,204,.892,62,357,419,220,55,51,107,119,1210,0,,https://www.basketball-reference.com/players/h/harrito02.html,2021
36,Jerami Grant,26,DET,SF,54,54,1829,400,932,.429,115,329,.350,285,603,.473,.491,290,343,.845,35,215,250,152,35,58,109,125,1205,0,,https://www.basketball-reference.com/players/g/grantje01.html,2021
37,Ja Morant,21,MEM,PG,63,63,2053,430,957,.449,73,241,.303,357,716,.499,.487,271,372,.728,59,193,252,465,57,13,203,87,1204,1,,https://www.basketball-reference.com/players/m/moranja01.html,2021
38,Bam Adebayo,23,MIA,C,64,64,2143,456,800,.570,2,8,.250,454,792,.573,.571,283,354,.799,142,431,573,346,75,66,169,145,1197,2,"DPOY-4,DEF2",https://www.basketball-reference.com/players/a/adebaba01.html,2021
39,Pascal Siakam,26,TOR,PF,56,56,2006,437,961,.455,73,246,.297,364,715,.509,.493,249,301,.827,95,310,405,250,64,37,130,174,1196,1,,https://www.basketball-reference.com/players/s/siakapa01.html,2021
40,Malcolm Brogdon,28,IND,PG,56,56,1930,444,980,.453,145,374,.388,299,606,.493,.527,153,177,.864,58,236,294,329,49,15,115,110,1186,0,,https://www.basketball-reference.com/players/b/brogdma01.html,2021
41,Buddy Hield,28,SAC,SG,71,71,2433,403,992,.406,282,721,.391,121,271,.446,.548,88,104,.846,29,305,334,257,63,30,130,175,1176,0,,https://www.basketball-reference.com/players/h/hieldbu01.html,2021
42,Tim Hardaway Jr.,28,DAL,SG,70,31,1985,407,911,.447,207,529,.391,200,382,.524,.560,142,174,.816,20,209,229,126,31,11,64,111,1163,0,6MOY-5,https://www.basketball-reference.com/players/h/hardati02.html,2021
43,Michael Porter Jr.,22,DEN,SF,61,54,1912,443,817,.542,170,382,.445,273,435,.628,.646,106,134,.791,91,354,445,70,40,54,77,126,1162,0,,https://www.basketball-reference.com/players/p/portemi01.html,2021
44,Dillon Brooks,25,MEM,SF,67,67,1997,432,1031,.419,128,372,.344,304,659,.461,.481,159,195,.815,53,143,196,157,78,26,119,237,1151,0,,https://www.basketball-reference.com/players/b/brookdi01.html,2021
45,Chris Paul,35,PHO,PG,70,70,2199,439,879,.499,102,258,.395,337,621,.543,.557,169,181,.934,25,287,312,622,99,19,156,166,1149,1,"MVP-5,AS,NBA2",https://www.basketball-reference.com/players/p/paulch01.html,2021
46,LeBron James,36,LAL,PG,45,45,1504,422,823,.513,104,285,.365,318,538,.591,.576,178,255,.698,29,317,346,350,48,25,168,70,1126,5,"MVP-13,AS,NBA2",https://www.basketball-reference.com/players/j/jamesle01.html,2021
47,Jimmy Butler,31,MIA,SF,52,52,1745,366,736,.497,25,102,.245,341,634,.538,.514,359,416,.863,94,265,359,369,108,18,109,71,1116,4,"DPOY-10,NBA3,DEF2",https://www.basketball-reference.com/players/b/butleji01.html,2021
48,John Collins,23,ATL,PF,63,63,1848,429,771,.556,83,208,.399,346,563,.615,.610,170,204,.833,118,349,467,78,34,63,84,193,1111,0,,https://www.basketball-reference.com/players/c/collijo01.html,2021
49,CJ McCollum,29,POR,SG,47,47,1600,405,884,.458,169,420,.402,236,464,.509,.554,108,133,.812,30,155,185,223,44,21,65,87,1087,0,,https://www.basketball-reference.com/players/m/mccolcj01.html,2021
50,James Harden,31,2TM,PG,44,43,1609,342,734,.466,121,334,.362,221,400,.553,.548,278,323,.861,35,313,348,475,53,33,177,99,1083,12,"MVP-13,AS",https://www.basketball-reference.com/players/h/hardeja01.html,2021
50,James Harden,31,HOU,PG,8,8,290,60,135,.444,25,72,.347,35,63,.556,.537,53,60,.883,5,36,41,83,7,6,34,14,198,0,,https://www.basketball-reference.com/players/h/hardeja01.html,2021
50,James Harden,31,BRK,PG,36,35,1319,282,599,.471,96,262,.366,186,337,.552,.551,225,263,.856,30,277,307,392,46,27,143,85,885,12,,https://www.basketball-reference.com/players/h/hardeja01.html,2021
1,Trae Young,23,ATL,PG,76,76,2652,711,1544,.460,233,610,.382,478,934,.512,.536,500,553,.904,50,234,284,737,72,7,303,128,2155,0,"AS,NBA3",https://www.basketball-reference.com/players/y/youngtr01.html,2022
2,DeMar DeRozan,32,CHI,PF,76,76,2743,774,1535,.504,50,142,.352,724,1393,.520,.521,520,593,.877,56,336,392,374,68,24,181,178,2118,0,"MVP-10,AS,NBA2",https://www.basketball-reference.com/players/d/derozde01.html,2022
3,Joel Embiid,27,PHI,C,68,68,2297,666,1334,.499,93,251,.371,573,1083,.529,.534,654,803,.814,146,650,796,284,77,99,214,181,2079,2,"MVP-2,AS,NBA2",https://www.basketball-reference.com/players/e/embiijo01.html,2022
4,Jayson Tatum,23,BOS,SF,76,76,2731,708,1564,.453,230,651,.353,478,913,.524,.526,400,469,.853,85,524,609,334,75,49,217,174,2046,0,"MVP-6,AS,NBA1",https://www.basketball-reference.com/players/t/tatumja01.html,2022
5,Nikola Jokić,26,DEN,C,74,74,2476,764,1311,.583,97,288,.337,667,1023,.652,.620,379,468,.810,206,813,1019,584,109,63,281,191,2004,19,"MVP-1,AS,NBA1",https://www.basketball-reference.com/players/j/jokicni01.html,2022
6,Giannis Antetokounmpo,27,MIL,PF,67,67,2204,689,1245,.553,71,242,.293,618,1003,.616,.582,553,766,.722,134,644,778,388,72,91,219,212,2002,4,"MVP-3,DPOY-6,AS,NBA1,DEF1",https://www.basketball-reference.com/players/a/antetgi01.html,2022
7,Luka Dončić,22,DAL,PG,65,65,2301,641,1403,.457,201,569,.353,440,834,.528,.529,364,489,.744,56,537,593,568,75,36,292,145,1847,10,"MVP-5,AS,NBA1",https://www.basketball-reference.com/players/d/doncilu01.html,2022
8,Devin Booker,25,PHO,SG,68,68,2345,662,1421,.466,183,478,.383,479,943,.508,.530,315,363,.868,45,297,342,329,77,26,162,180,1822,0,"MVP-4,AS,NBA1",https://www.basketball-reference.com/players/b/bookede01.html,2022
9,Karl-Anthony Towns,26,MIN,C,74,74,2476,642,1214,.529,150,366,.410,492,848,.580,.591,384,467,.822,194,533,727,269,72,83,226,267,1818,1,"AS,NBA3",https://www.basketball-reference.com/players/t/townska01.html,2022
10,Donovan Mitchell,25,UTA,SG,67,67,2266,617,1376,.448,232,654,.355,385,722,.533,.533,267,313,.853,55,227,282,358,99,12,200,164,1733,0,AS,https://www.basketball-reference.com/players/m/mitchdo01.html,2022
11,LeBron James,37,LAL,C,56,56,2084,640,1221,.524,161,448,.359,479,773,.620,.590,254,336,.756,63,396,459,349,73,59,196,121,1695,6,"MVP-10,AS,NBA3",https://www.basketball-reference.com/players/j/jamesle01.html,2022
12,Kevin Durant,33,BRK,PF,55,55,2047,578,1115,.518,115,300,.383,463,815,.568,.570,372,409,.910,29,378,407,351,48,52,191,113,1643,4,"MVP-10,AS,NBA2",https://www.basketball-reference.com/players/d/duranke01.html,2022
13,Zach LaVine,26,CHI,SG,67,67,2328,565,1186,.476,185,475,.389,380,711,.534,.554,320,375,.853,22,286,308,303,41,23,171,120,1635,0,AS,https://www.basketball-reference.com/players/l/lavinza01.html,2022
14,Stephen Curry,33,GSW,PG,64,64,2211,535,1224,.437,285,750,.380,250,474,.527,.554,275,298,.923,34,301,335,404,85,23,206,130,1630,2,"MVP-8,AS,NBA2",https://www.basketball-reference.com/players/c/curryst01.html,2022
15,Miles Bridges,23,CHO,PF,80,80,2837,596,1214,.491,154,465,.331,442,749,.590,.554,267,333,.802,90,469,559,300,74,67,150,193,1613,0,,https://www.basketball-reference.com/players/b/bridgmi02.html,2022
16,Ja Morant,22,MEM,PG,57,57,1889,580,1177,.493,88,256,.344,492,921,.534,.530,316,415,.761,77,248,325,384,66,22,196,86,1564,1,"MVP-7,MIP-1,AS,NBA2",https://www.basketball-reference.com/players/m/moranja01.html,2022
17,Jaylen Brown,25,BOS,SF,66,66,2220,576,1217,.473,166,464,.358,410,753,.544,.541,241,318,.758,53,351,404,231,70,18,178,163,1559,2,,https://www.basketball-reference.com/players/b/brownja02.html,2022
18,Pascal Siakam,27,TOR,PF,68,68,2578,596,1207,.494,75,218,.344,521,989,.527,.525,284,379,.749,128,452,580,360,85,42,181,225,1551,2,NBA3,https://www.basketball-reference.com/players/s/siakapa01.html,2022
19,Anthony Edwards,20,MIN,SG,72,72,2466,549,1245,.441,215,602,.357,334,643,.519,.527,220,280,.786,62,281,343,275,105,46,190,164,1533,0,,https://www.basketball-reference.com/players/e/edwaran01.html,2022
20,LaMelo Ball,20,CHO,PG,75,75,2422,538,1254,.429,220,565,.389,318,689,.462,.517,212,243,.872,108,393,501,571,119,30,245,237,1508,5,AS,https://www.basketball-reference.com/players/b/ballla01.html,2022
21,Darius Garland,22,CLE,PG,68,68,2430,542,1173,.462,174,454,.383,368,719,.512,.536,215,241,.892,39,185,224,583,89,7,248,115,1473,1,AS,https://www.basketball-reference.com/players/g/garlada01.html,2022
22,Julius Randle,27,NYK,PF,72,72,2544,512,1246,.411,120,390,.308,392,856,.458,.459,303,401,.756,125,591,716,370,53,39,245,205,1447,1,,https://www.basketball-reference.com/players/r/randlju01.html,2022
23,Russell Westbrook,33,LAL,PG,78,78,2678,548,1233,.444,79,265,.298,469,968,.485,.476,266,399,.667,110,470,580,550,75,20,295,235,1441,10,,https://www.basketball-reference.com/players/w/westbru01.html,2022
24,Dejounte Murray,25,SAS,PG,68,68,2366,573,1241,.462,96,294,.327,477,947,.504,.500,196,247,.794,80,483,563,627,138,23,180,138,1438,13,AS,https://www.basketball-reference.com/players/m/murrade01.html,2022
25,James Harden,32,2TM,PG,65,65,2419,407,992,.410,148,448,.330,259,544,.476,.485,470,536,.877,55,445,500,667,82,36,284,153,1432,11,AS,https://www.basketball-reference.com/players/h/hardeja01.html,2022
25,James Harden,32,BRK,PG,44,44,1627,292,706,.414,102,307,.332,190,399,.476,.486,304,350,.869,42,309,351,447,56,31,212,105,990,9,,https://www.basketball-reference.com/players/h/hardeja01.html,2022
25,James Harden,32,PHI,PG,21,21,792,115,286,.402,46,141,.326,69,145,.476,.483,166,186,.892,13,136,149,220,26,5,72,48,442,2,,https://www.basketball-reference.com/players/h/hardeja01.html,2022
26,Terry Rozier,27,CHO,SG,73,73,2458,518,1167,.444,222,593,.374,296,574,.516,.539,150,176,.852,56,259,315,326,93,25,96,119,1408,1,,https://www.basketball-reference.com/players/r/roziete01.html,2022
27,Jordan Poole,22,GSW,SG,76,51,2283,474,1058,.448,211,580,.364,263,478,.550,.548,246,266,.925,34,226,260,304,60,23,187,206,1405,0,,https://www.basketball-reference.com/players/p/poolejo01.html,2022
28,RJ Barrett,21,NYK,SF,70,70,2417,487,1194,.408,138,404,.342,349,790,.442,.466,290,406,.714,66,342,408,208,43,16,151,142,1402,0,,https://www.basketball-reference.com/players/b/barrerj01.html,2022
29,Desmond Bane,23,MEM,SG,76,76,2266,508,1101,.461,228,523,.436,280,578,.484,.565,140,155,.903,46,288,334,208,92,29,111,196,1384,0,,https://www.basketball-reference.com/players/b/banede01.html,2022
30,Shai Gilgeous-Alexander,23,OKC,PG,56,56,1942,477,1052,.453,89,297,.300,388,755,.514,.496,328,405,.810,37,241,278,331,71,46,154,142,1371,1,,https://www.basketball-reference.com/players/g/gilgesh01.html,2022
31,CJ McCollum,30,2TM,PG,62,62,2145,536,1164,.460,182,469,.388,354,695,.509,.539,116,170,.682,53,216,269,315,70,22,127,121,1370,0,,https://www.basketball-reference.com/players/m/mccolcj01.html,2022
31,CJ McCollum,30,POR,SG,36,36,1267,290,665,.436,111,289,.384,179,376,.476,.520,48,68,.706,34,119,153,163,36,21,70,77,739,0,,https://www.basketball-reference.com/players/m/mccolcj01.html,2022
31,CJ McCollum,30,NOP,PG,26,26,878,246,499,.493,71,180,.394,175,319,.549,.564,68,102,.667,19,97,116,152,34,1,57,44,631,0,,https://www.basketball-reference.com/players/m/mccolcj01.html,2022
32,De'Aaron Fox,24,SAC,PG,59,59,2083,516,1092,.473,74,249,.297,442,843,.524,.506,261,348,.750,25,206,231,330,68,25,168,172,1367,0,,https://www.basketball-reference.com/players/f/foxde01.html,2022
33,Tyler Herro,22,MIA,SG,66,10,2151,501,1122,.447,175,439,.399,326,683,.477,.525,190,219,.868,32,297,329,263,44,8,174,95,1367,0,6MOY-1,https://www.basketball-reference.com/players/h/herroty01.html,2022
34,Khris Middleton,30,MIL,SF,66,66,2141,452,1021,.443,162,434,.373,290,587,.494,.522,259,291,.890,41,315,356,358,76,18,190,160,1325,0,AS,https://www.basketball-reference.com/players/m/middlkh01.html,2022
35,Saddiq Bey,22,DET,SF,82,82,2704,450,1136,.396,211,610,.346,239,526,.454,.489,210,254,.827,107,334,441,233,73,16,96,128,1321,0,,https://www.basketball-reference.com/players/b/beysa01.html,2022
36,Fred VanVleet,27,TOR,PG,65,65,2462,442,1097,.403,242,642,.377,200,455,.440,.513,194,222,.874,44,245,289,434,111,35,170,162,1320,1,AS,https://www.basketball-reference.com/players/v/vanvlfr01.html,2022
37,Jonas Valančiūnas,29,NOP,C,74,74,2240,510,938,.544,57,158,.361,453,780,.581,.574,237,289,.820,226,617,843,190,41,60,179,247,1314,0,,https://www.basketball-reference.com/players/v/valanjo01.html,2022
38,Tyrese Maxey,21,PHI,PG,75,74,2650,483,995,.485,132,309,.427,351,686,.512,.552,213,246,.866,26,214,240,321,55,32,88,156,1311,0,,https://www.basketball-reference.com/players/m/maxeyty01.html,2022
39,Nikola Vučević,31,CHI,C,73,73,2418,546,1154,.473,104,331,.314,442,823,.537,.518,92,121,.760,142,662,804,236,70,71,136,181,1288,0,,https://www.basketball-reference.com/players/v/vucevni01.html,2022
40,Jalen Brunson,25,DAL,SG,79,61,2524,506,1008,.502,94,252,.373,412,756,.545,.549,179,213,.840,43,266,309,377,66,3,124,151,1285,0,,https://www.basketball-reference.com/players/b/brunsja01.html,2022
41,Gary Trent Jr.,23,TOR,SG,70,69,2448,450,1086,.414,209,545,.383,241,541,.445,.511,174,204,.853,26,165,191,141,122,19,73,144,1283,0,,https://www.basketball-reference.com/players/t/trentga02.html,2022
42,Keldon Johnson,22,SAS,SF,75,74,2392,471,1011,.466,159,399,.398,312,612,.510,.545,177,234,.756,80,377,457,158,58,14,92,148,1278,0,,https://www.basketball-reference.com/players/j/johnske04.html,2022
43,Jaren Jackson Jr.,22,MEM,PF,78,78,2126,430,1036,.415,128,401,.319,302,635,.476,.477,284,345,.823,119,335,454,86,73,177,130,272,1272,0,"DPOY-5,DEF1",https://www.basketball-reference.com/players/j/jacksja02.html,2022
44,Jordan Clarkson,29,UTA,SG,79,1,2141,466,1113,.419,190,597,.318,276,516,.535,.504,144,174,.828,67,206,273,194,66,16,129,149,1266,0,6MOY-4,https://www.basketball-reference.com/players/c/clarkjo01.html,2022
45,Harrison Barnes,29,SAC,PF,77,77,2587,391,834,.469,142,360,.394,249,474,.525,.554,341,413,.826,82,350,432,186,53,14,118,94,1265,0,,https://www.basketball-reference.com/players/b/barneha02.html,2022
46,Buddy Hield,29,2TM,SG,81,32,2499,446,1098,.406,262,716,.366,184,382,.482,.526,111,127,.874,66,287,353,229,73,25,153,184,1265,0,,https://www.basketball-reference.com/players/h/hieldbu01.html,2022
46,Buddy Hield,29,SAC,SG,55,6,1574,265,693,.382,182,495,.368,83,198,.419,.514,80,92,.870,43,178,221,105,48,15,90,113,792,0,,https://www.basketball-reference.com/players/h/hieldbu01.html,2022
46,Buddy Hield,29,IND,SG,26,26,925,181,405,.447,80,221,.362,101,184,.549,.546,31,35,.886,23,109,132,124,25,10,63,71,473,0,,https://www.basketball-reference.com/players/h/hieldbu01.html,2022
47,Reggie Jackson,31,LAC,SG,75,75,2337,479,1222,.392,167,512,.326,312,710,.439,.460,138,163,.847,39,232,271,359,55,15,173,159,1263,0,,https://www.basketball-reference.com/players/j/jacksre01.html,2022
48,Tobias Harris,29,PHI,PF,73,73,2543,493,1022,.482,101,275,.367,392,747,.525,.532,170,202,.842,77,419,496,252,47,43,116,164,1257,1,,https://www.basketball-reference.com/players/h/harrito02.html,2022
49,Andrew Wiggins,26,GSW,SF,73,73,2329,475,1019,.466,157,399,.393,318,620,.513,.543,149,235,.634,85,240,325,161,76,51,111,158,1256,0,AS,https://www.basketball-reference.com/players/w/wiggian01.html,2022
50,Bojan Bogdanović,32,UTA,PF,69,69,2131,422,928,.455,181,468,.387,241,460,.524,.552,223,260,.858,58,238,296,120,34,1,118,116,1248,0,,https://www.basketball-reference.com/players/b/bogdabo02.html,2022
1,Jayson Tatum,24,BOS,SF,74,74,2732,727,1559,.466,240,686,.350,487,873,.558,.543,531,622,.854,78,571,649,342,78,51,213,160,2225,1,"MVP-4,CPOY-10,AS,NBA1",https://www.basketball-reference.com/players/t/tatumja01.html,2023
2,Joel Embiid,28,PHI,C,66,66,2284,728,1328,.548,66,200,.330,662,1128,.587,.573,661,771,.857,113,557,670,274,66,112,226,205,2183,1,"MVP-1,DPOY-9,CPOY-5,AS,NBA1",https://www.basketball-reference.com/players/e/embiijo01.html,2023
3,Luka Dončić,23,DAL,PG,66,66,2391,719,1449,.496,185,541,.342,534,908,.588,.560,515,694,.742,54,515,569,529,90,33,236,166,2138,10,"MVP-8,CPOY-8,AS,NBA1",https://www.basketball-reference.com/players/d/doncilu01.html,2023
4,Shai Gilgeous-Alexander,24,OKC,PG,68,68,2416,704,1381,.510,58,168,.345,646,1213,.533,.531,669,739,.905,59,270,329,371,112,65,192,192,2135,0,"MVP-5,CPOY-7,AS,NBA1",https://www.basketball-reference.com/players/g/gilgesh01.html,2023
5,Giannis Antetokounmpo,28,MIL,PF,63,63,2024,707,1278,.553,47,171,.275,660,1107,.596,.572,498,772,.645,137,605,742,359,52,51,246,197,1959,6,"MVP-3,DPOY-6,AS,NBA1",https://www.basketball-reference.com/players/a/antetgi01.html,2023
6,Anthony Edwards,21,MIN,SG,79,79,2842,707,1541,.459,213,578,.369,494,963,.513,.528,319,422,.756,47,411,458,350,125,58,259,186,1946,0,AS,https://www.basketball-reference.com/players/e/edwaran01.html,2023
7,Julius Randle,28,NYK,PF,77,77,2737,658,1432,.459,218,636,.343,440,796,.553,.536,402,531,.757,141,626,767,316,49,21,216,233,1936,0,"CPOY-14,AS,NBA3",https://www.basketball-reference.com/players/r/randlju01.html,2023
8,Donovan Mitchell,26,CLE,SG,68,68,2432,679,1402,.484,245,635,.386,434,767,.566,.572,319,368,.867,63,226,289,301,99,27,180,168,1922,0,"MVP-6,CPOY-6,AS,NBA2",https://www.basketball-reference.com/players/m/mitchdo01.html,2023
9,Trae Young,24,ATL,PG,73,73,2541,597,1390,.429,154,460,.335,443,930,.476,.485,566,639,.886,56,161,217,741,80,9,300,104,1914,0,,https://www.basketball-reference.com/players/y/youngtr01.html,2023
10,Zach LaVine,27,CHI,SG,77,77,2768,673,1388,.485,204,544,.375,469,844,.556,.558,363,428,.848,42,303,345,327,69,18,194,159,1913,0,,https://www.basketball-reference.com/players/l/lavinza01.html,2023
11,Damian Lillard,32,POR,PG,58,58,2107,556,1202,.463,244,658,.371,312,544,.574,.564,510,558,.914,44,233,277,425,50,18,191,109,1866,2,"CPOY-10,AS,NBA3",https://www.basketball-reference.com/players/l/lillada01.html,2023
12,De'Aaron Fox,25,SAC,PG,73,73,2435,682,1331,.512,119,367,.324,563,964,.584,.557,343,440,.780,40,266,306,447,83,23,181,172,1826,0,"MVP-11,CPOY-1,AS,NBA3",https://www.basketball-reference.com/players/f/foxde01.html,2023
13,DeMar DeRozan,33,CHI,SF,74,74,2682,657,1303,.504,46,142,.324,611,1161,.526,.522,456,523,.872,34,309,343,377,83,36,153,186,1816,0,"CPOY-3,AS",https://www.basketball-reference.com/players/d/derozde01.html,2023
14,Jaylen Brown,26,BOS,SF,67,67,2405,679,1383,.491,163,487,.335,516,896,.576,.550,263,344,.765,78,381,459,232,75,26,197,172,1784,0,"AS,NBA2",https://www.basketball-reference.com/players/b/brownja02.html,2023
15,Pascal Siakam,28,TOR,PF,71,71,2652,630,1313,.480,93,287,.324,537,1026,.523,.515,367,474,.774,131,425,556,415,65,36,169,228,1720,2,AS,https://www.basketball-reference.com/players/s/siakapa01.html,2023
16,Lauri Markkanen,25,UTA,PF,66,66,2273,571,1145,.499,200,511,.391,371,634,.585,.586,349,399,.875,130,440,570,123,42,38,127,137,1691,0,"MIP-1,AS",https://www.basketball-reference.com/players/m/markkla01.html,2023
17,Nikola Jokić,27,DEN,C,69,69,2323,646,1022,.632,57,149,.383,589,873,.675,.660,341,415,.822,167,650,817,678,87,47,247,174,1690,29,"MVP-2,CPOY-13,AS,NBA2",https://www.basketball-reference.com/players/j/jokicni01.html,2023
18,Jalen Green,20,HOU,SG,76,76,2602,566,1359,.416,187,554,.338,379,805,.471,.485,364,463,.786,43,241,284,281,59,18,200,131,1683,0,,https://www.basketball-reference.com/players/g/greenja05.html,2023
19,Jordan Poole,23,GSW,PG,82,43,2458,550,1278,.430,214,637,.336,336,641,.524,.514,361,415,.870,32,193,225,369,63,21,252,214,1675,0,,https://www.basketball-reference.com/players/p/poolejo01.html,2023
20,Mikal Bridges,26,2TM,SG,83,83,2963,593,1267,.468,169,442,.382,424,825,.514,.535,316,353,.895,79,285,364,273,91,61,127,159,1671,0,,https://www.basketball-reference.com/players/b/bridgmi01.html,2023
20,Mikal Bridges,26,PHO,SF,56,56,2040,354,764,.463,101,261,.387,253,503,.503,.529,156,174,.897,56,187,243,201,65,45,78,115,965,0,,https://www.basketball-reference.com/players/b/bridgmi01.html,2023
20,Mikal Bridges,26,BRK,SG,27,27,923,239,503,.475,68,181,.376,171,322,.531,.543,160,179,.894,23,98,121,72,26,16,49,44,706,0,,https://www.basketball-reference.com/players/b/bridgmi01.html,2023
21,Stephen Curry,34,GSW,PG,56,56,1941,559,1133,.493,273,639,.427,286,494,.579,.614,257,281,.915,39,302,341,352,52,20,179,117,1648,1,"MVP-9,CPOY-9,AS,NBA2",https://www.basketball-reference.com/players/c/curryst01.html,2023
22,Jalen Brunson,26,NYK,PG,68,68,2379,587,1195,.491,134,322,.416,453,873,.519,.547,325,392,.829,40,201,241,421,61,15,142,152,1633,0,"MVP-12,CPOY-4",https://www.basketball-reference.com/players/b/brunsja01.html,2023
23,Kyrie Irving,30,2TM,SG,60,60,2241,594,1203,.494,188,496,.379,406,707,.574,.572,247,273,.905,59,245,304,331,66,45,128,165,1623,0,"CPOY-12,AS",https://www.basketball-reference.com/players/i/irvinky01.html,2023
23,Kyrie Irving,30,BRK,PG,40,40,1478,398,819,.486,130,348,.374,268,471,.569,.565,158,179,.883,38,166,204,211,41,33,91,109,1084,0,,https://www.basketball-reference.com/players/i/irvinky01.html,2023
23,Kyrie Irving,30,DAL,SG,20,20,763,196,384,.510,58,148,.392,138,236,.585,.586,89,94,.947,21,79,100,120,25,12,37,56,539,0,,https://www.basketball-reference.com/players/i/irvinky01.html,2023
24,Ja Morant,23,MEM,PG,61,59,1948,566,1214,.466,92,300,.307,474,914,.519,.504,372,497,.748,61,296,357,493,66,16,206,100,1596,7,"MVP-12,AS",https://www.basketball-reference.com/players/m/moranja01.html,2023
25,LeBron James,38,LAL,PF,55,54,1954,609,1219,.500,121,377,.321,488,842,.580,.549,251,327,.768,65,392,457,375,50,32,178,88,1590,2,"AS,NBA3",https://www.basketball-reference.com/players/j/jamesle01.html,2023
26,CJ McCollum,31,NOP,PG,75,75,2649,587,1344,.437,211,543,.389,376,801,.469,.515,183,238,.769,55,273,328,429,70,38,183,153,1568,0,,https://www.basketball-reference.com/players/m/mccolcj01.html,2023
27,Bam Adebayo,25,MIA,C,75,75,2598,602,1114,.540,1,12,.083,601,1102,.545,.541,324,402,.806,184,504,688,240,88,61,187,208,1529,0,"DPOY-5,AS,DEF2",https://www.basketball-reference.com/players/a/adebaba01.html,2023
28,Dejounte Murray,26,ATL,SG,74,74,2693,612,1319,.464,133,387,.344,479,932,.514,.514,158,190,.832,53,336,389,448,112,19,160,106,1515,1,,https://www.basketball-reference.com/players/m/murrade01.html,2023
29,Domantas Sabonis,26,SAC,C,79,79,2736,577,938,.615,31,83,.373,546,855,.639,.632,325,438,.742,251,722,973,573,65,39,230,279,1510,14,"MVP-7,AS,NBA3",https://www.basketball-reference.com/players/s/sabondo01.html,2023
30,Klay Thompson,32,GSW,SF,69,69,2279,546,1252,.436,301,731,.412,245,521,.470,.556,116,132,.879,39,247,286,163,49,29,123,130,1509,0,,https://www.basketball-reference.com/players/t/thompkl01.html,2023
31,Kristaps Porziņģis,27,WAS,C,65,65,2120,507,1018,.498,137,356,.385,370,662,.559,.565,354,416,.851,114,432,546,174,58,100,137,196,1505,0,,https://www.basketball-reference.com/players/p/porzikr01.html,2023
32,Darius Garland,23,CLE,PG,69,69,2447,522,1129,.462,169,412,.410,353,717,.492,.537,277,321,.863,28,157,185,538,85,9,199,148,1490,0,,https://www.basketball-reference.com/players/g/garlada01.html,2023
33,Franz Wagner,21,ORL,SF,80,80,2609,542,1118,.485,130,360,.361,412,758,.544,.543,271,322,.842,70,259,329,283,77,17,167,183,1485,0,,https://www.basketball-reference.com/players/w/wagnefr01.html,2023
34,Devin Booker,26,PHO,SG,53,53,1835,527,1067,.494,111,316,.351,416,751,.554,.546,306,358,.855,46,194,240,293,51,18,145,159,1471,0,,https://www.basketball-reference.com/players/b/bookede01.html,2023
35,Jimmy Butler,33,MIA,PF,64,64,2138,479,888,.539,36,103,.350,443,785,.564,.560,472,555,.850,141,234,375,340,117,21,101,80,1466,0,"MVP-10,DPOY-12,CPOY-2,NBA2",https://www.basketball-reference.com/players/b/butleji01.html,2023
36,Anthony Davis,29,LAL,C,56,54,1904,542,962,.563,19,74,.257,523,888,.589,.573,348,444,.784,195,507,702,148,59,114,122,146,1451,0,,https://www.basketball-reference.com/players/d/davisan02.html,2023
37,Nikola Vučević,32,CHI,C,82,82,2746,597,1148,.520,121,347,.349,476,801,.594,.573,132,158,.835,159,744,903,265,60,57,139,179,1447,1,,https://www.basketball-reference.com/players/v/vucevni01.html,2023
38,Paolo Banchero,20,ORL,PF,72,72,2430,479,1122,.427,85,285,.298,394,837,.471,.465,394,534,.738,84,413,497,269,60,39,200,160,1437,0,ROY-1,https://www.basketball-reference.com/players/b/banchpa01.html,2023
39,RJ Barrett,22,NYK,SG,73,73,2475,510,1176,.434,121,390,.310,389,786,.495,.485,290,392,.740,60,308,368,201,31,15,164,179,1431,0,,https://www.basketball-reference.com/players/b/barrerj01.html,2023
40,Keldon Johnson,23,SAS,SF,63,63,2063,503,1113,.452,134,407,.329,369,706,.523,.512,245,327,.749,56,262,318,183,46,11,134,125,1385,0,,https://www.basketball-reference.com/players/j/johnske04.html,2023
41,Spencer Dinwiddie,29,2TM,SG,79,79,2725,460,1050,.438,181,490,.369,279,560,.498,.524,268,330,.812,28,242,270,515,67,24,145,187,1369,0,,https://www.basketball-reference.com/players/d/dinwisp01.html,2023
41,Spencer Dinwiddie,29,DAL,SG,53,53,1808,316,694,.455,138,341,.405,178,353,.504,.555,170,207,.821,19,144,163,279,39,16,90,124,940,0,,https://www.basketball-reference.com/players/d/dinwisp01.html,2023
41,Spencer Dinwiddie,29,BRK,PG,26,26,917,144,356,.404,43,149,.289,101,207,.488,.465,98,123,.797,9,98,107,236,28,8,55,63,429,0,,https://www.basketball-reference.com/players/d/dinwisp01.html,2023
42,Kevin Durant,34,2TM,PF,47,47,1672,483,862,.560,93,230,.404,390,632,.617,.614,307,334,.919,17,296,313,235,34,67,156,99,1366,1,AS,https://www.basketball-reference.com/players/d/duranke01.html,2023
42,Kevin Durant,34,BRK,PF,39,39,1403,410,734,.559,71,189,.376,339,545,.622,.607,267,286,.934,14,248,262,207,32,57,136,92,1158,1,,https://www.basketball-reference.com/players/d/duranke01.html,2023
42,Kevin Durant,34,PHO,PF,8,8,269,73,128,.570,22,41,.537,51,87,.586,.656,40,48,.833,3,48,51,28,2,10,20,7,208,0,,https://www.basketball-reference.com/players/d/duranke01.html,2023
43,Kyle Kuzma,27,WAS,PF,64,64,2239,512,1142,.448,160,481,.333,352,661,.533,.518,173,237,.730,55,408,463,239,36,29,190,145,1357,1,,https://www.basketball-reference.com/players/k/kuzmaky01.html,2023
44,Tyler Herro,23,MIA,SG,67,67,2337,487,1109,.439,203,537,.378,284,572,.497,.531,170,182,.934,27,333,360,280,51,16,158,101,1347,1,,https://www.basketball-reference.com/players/h/herroty01.html,2023
45,Buddy Hield,30,IND,SF,80,73,2482,475,1038,.458,288,677,.425,187,361,.518,.596,106,129,.822,67,333,400,225,92,26,139,156,1344,0,,https://www.basketball-reference.com/players/h/hieldbu01.html,2023
46,Fred VanVleet,28,TOR,PG,69,69,2535,437,1112,.393,207,606,.342,230,506,.455,.486,254,283,.898,30,250,280,495,123,38,140,193,1335,1,,https://www.basketball-reference.com/players/v/vanvlfr01.html,2023
47,Paul George,32,LAC,SF,56,56,1939,459,1004,.457,158,426,.371,301,578,.521,.536,256,294,.871,45,297,342,288,83,20,176,159,1332,1,AS,https://www.basketball-reference.com/players/g/georgpa01.html,2023
48,Terry Rozier,28,CHO,SG,63,63,2221,493,1188,.415,165,505,.327,328,683,.480,.484,178,220,.809,51,208,259,319,74,16,134,119,1329,0,,https://www.basketball-reference.com/players/r/roziete01.html,2023
49,Anfernee Simons,23,POR,SG,62,62,2171,467,1045,.447,212,562,.377,255,483,.528,.548,160,179,.894,18,143,161,253,42,14,128,142,1306,0,,https://www.basketball-reference.com/players/s/simonan01.html,2023
50,Bennedict Mathurin,20,IND,SG,78,17,2222,413,951,.434,100,310,.323,313,641,.488,.487,376,454,.828,87,231,318,116,48,13,152,162,1302,0,"ROY-4,6MOY-8",https://www.basketball-reference.com/players/m/mathube01.html,2023
1,Luka Dončić,24,DAL,PG,70,70,2624,804,1652,.487,284,744,.382,520,908,.573,.573,478,608,.786,59,588,647,686,99,38,282,149,2370,21,"MVP-3,CPOY-6,AS,NBA1",https://www.basketball-reference.com/players/d/doncilu01.html,2024
2,Shai Gilgeous-Alexander,25,OKC,PG,75,75,2553,796,1487,.535,95,269,.353,701,1218,.576,.567,567,649,.874,65,350,415,465,150,67,162,184,2254,0,"MVP-2,DPOY-7,CPOY-3,AS,NBA1",https://www.basketball-reference.com/players/g/gilgesh01.html,2024
3,Giannis Antetokounmpo,29,MIL,PF,73,73,2567,837,1369,.611,34,124,.274,803,1245,.645,.624,514,782,.657,196,645,841,476,87,79,250,210,2222,10,"MVP-4,DPOY-9,CPOY-12,AS,NBA1",https://www.basketball-reference.com/players/a/antetgi01.html,2024
4,Jalen Brunson,27,NYK,PG,77,77,2726,790,1648,.479,211,526,.401,579,1122,.516,.543,421,497,.847,43,235,278,519,70,13,186,144,2212,0,"MVP-5,CPOY-5,AS,NBA2",https://www.basketball-reference.com/players/b/brunsja01.html,2024
5,Nikola Jokić,28,DEN,C,79,79,2737,822,1411,.583,83,231,.359,739,1180,.626,.612,358,438,.817,223,753,976,708,108,68,237,194,2085,25,"MVP-1,CPOY-4,AS,NBA1",https://www.basketball-reference.com/players/j/jokicni01.html,2024
6,Anthony Edwards,22,MIN,SG,79,78,2770,718,1558,.461,190,532,.357,528,1026,.515,.522,423,506,.836,52,378,430,405,101,42,241,141,2049,0,"MVP-7,CPOY-8,AS,NBA2",https://www.basketball-reference.com/players/e/edwaran01.html,2024
7,Kevin Durant,35,PHO,PF,75,75,2791,751,1436,.523,168,407,.413,583,1029,.567,.581,362,423,.856,41,454,495,378,69,91,244,133,2032,1,"MVP-9,AS,NBA2",https://www.basketball-reference.com/players/d/duranke01.html,2024
8,Jayson Tatum,25,BOS,PF,74,74,2645,672,1426,.471,229,609,.376,443,817,.542,.552,414,497,.833,67,534,601,364,75,43,188,145,1987,0,"MVP-6,CPOY-9,AS,NBA1",https://www.basketball-reference.com/players/t/tatumja01.html,2024
9,De'Aaron Fox,26,SAC,PG,74,74,2659,720,1549,.465,214,580,.369,506,969,.522,.534,312,423,.738,67,273,340,418,150,31,194,193,1966,0,CPOY-12,https://www.basketball-reference.com/players/f/foxde01.html,2024
10,Stephen Curry,35,GSW,PG,74,74,2421,650,1445,.450,357,876,.408,293,569,.515,.573,299,324,.923,37,293,330,379,54,28,210,117,1956,0,"CPOY-1,AS,NBA3",https://www.basketball-reference.com/players/c/curryst01.html,2024
11,DeMar DeRozan,34,CHI,SF,79,79,2989,650,1355,.480,75,225,.333,575,1130,.509,.507,522,612,.853,43,297,340,421,90,45,135,161,1897,0,CPOY-2,https://www.basketball-reference.com/players/d/derozde01.html,2024
12,Anthony Davis,30,LAL,C,76,76,2700,713,1283,.556,29,107,.271,684,1176,.582,.567,421,516,.816,239,722,961,266,91,178,159,177,1876,2,"DPOY-4,AS,NBA2,DEF1",https://www.basketball-reference.com/players/d/davisan02.html,2024
13,Devin Booker,27,PHO,PG,68,68,2447,642,1305,.492,152,418,.364,490,887,.552,.550,405,457,.886,56,252,308,472,61,28,178,206,1841,0,"AS,NBA3",https://www.basketball-reference.com/players/b/bookede01.html,2024
14,LeBron James,39,LAL,PF,71,71,2504,685,1269,.540,149,363,.410,536,906,.592,.599,303,404,.750,61,457,518,589,89,38,245,78,1822,5,"CPOY-10,AS,NBA3",https://www.basketball-reference.com/players/j/jamesle01.html,2024
15,Tyrese Maxey,23,PHI,PG,70,70,2626,638,1419,.450,212,569,.373,426,850,.501,.524,328,378,.868,36,222,258,433,69,33,116,151,1816,0,"MIP-1,AS",https://www.basketball-reference.com/players/m/maxeyty01.html,2024
16,Paolo Banchero,21,ORL,PF,80,80,2799,640,1407,.455,119,351,.339,521,1056,.493,.497,405,559,.725,82,472,554,431,71,47,247,153,1804,2,AS,https://www.basketball-reference.com/players/b/banchpa01.html,2024
17,Damian Lillard,33,MIL,PG,73,73,2579,541,1277,.424,220,622,.354,321,655,.490,.510,473,514,.920,36,284,320,508,72,18,193,134,1775,0,"CPOY-11,AS",https://www.basketball-reference.com/players/l/lillada01.html,2024
18,Dejounte Murray,27,ATL,SG,78,78,2783,672,1463,.459,201,554,.363,471,909,.518,.528,208,262,.794,62,354,416,502,111,24,201,138,1753,1,,https://www.basketball-reference.com/players/m/murrade01.html,2024
19,Pascal Siakam,29,2TM,PF,80,80,2657,681,1271,.536,85,246,.346,596,1025,.581,.569,290,396,.732,139,426,565,342,63,25,141,193,1737,1,,https://www.basketball-reference.com/players/s/siakapa01.html,2024
19,Pascal Siakam,29,TOR,PF,39,39,1354,325,623,.522,46,145,.317,279,478,.584,.559,169,223,.758,54,192,246,190,32,10,83,87,865,0,,https://www.basketball-reference.com/players/s/siakapa01.html,2024
19,Pascal Siakam,29,IND,PF,41,41,1303,356,648,.549,39,101,.386,317,547,.580,.579,121,173,.699,85,234,319,152,31,15,58,106,872,1,,https://www.basketball-reference.com/players/s/siakapa01.html,2024
20,Paul George,33,LAC,PF,74,74,2502,582,1236,.471,243,588,.413,339,648,.523,.569,264,291,.907,37,351,388,262,113,37,153,202,1671,0,AS,https://www.basketball-reference.com/players/g/georgpa01.html,2024
21,Kawhi Leonard,32,LAC,SF,68,68,2330,610,1162,.525,140,336,.417,470,826,.569,.585,253,286,.885,84,332,416,244,111,59,119,97,1613,1,"AS,NBA2",https://www.basketball-reference.com/players/l/leonaka01.html,2024
22,Jaylen Brown,27,BOS,SF,70,70,2343,627,1256,.499,145,410,.354,482,846,.570,.557,211,300,.703,84,303,387,249,83,37,166,185,1610,1,AS,https://www.basketball-reference.com/players/b/brownja02.html,2024
23,Jalen Green,21,HOU,SG,82,82,2601,563,1332,.423,201,605,.332,362,727,.498,.498,283,352,.804,41,382,423,291,66,28,191,115,1610,1,,https://www.basketball-reference.com/players/g/greenja05.html,2024
24,Mikal Bridges,27,BRK,SF,82,82,2854,564,1294,.436,220,592,.372,344,702,.490,.521,258,317,.814,68,304,372,299,81,30,164,116,1606,0,,https://www.basketball-reference.com/players/b/bridgmi01.html,2024
25,Zion Williamson,23,NOP,PF,70,70,2207,624,1094,.570,6,18,.333,618,1076,.574,.573,347,494,.702,122,284,406,352,77,47,193,159,1601,0,,https://www.basketball-reference.com/players/w/willizi01.html,2024
26,Domantas Sabonis,27,SAC,C,82,82,2928,634,1068,.594,33,87,.379,601,981,.613,.609,292,415,.704,294,826,1120,673,74,48,272,250,1593,26,"MVP-8,DPOY-10,NBA3",https://www.basketball-reference.com/players/s/sabondo01.html,2024
27,Kyle Kuzma,28,WAS,PF,70,70,2281,608,1313,.463,151,450,.336,457,863,.530,.521,186,240,.775,62,402,464,296,37,49,192,153,1553,0,,https://www.basketball-reference.com/players/k/kuzmaky01.html,2024
28,Victor Wembanyama,20,SAS,C,71,71,2106,551,1186,.465,128,394,.325,423,792,.534,.519,292,367,.796,161,594,755,274,88,254,260,153,1522,2,"ROY-1,DPOY-2,DEF1",https://www.basketball-reference.com/players/w/wembavi01.html,2024
29,Coby White,23,CHI,PG,79,78,2881,541,1209,.447,209,556,.376,332,653,.508,.534,218,260,.838,44,314,358,405,53,18,166,186,1509,0,,https://www.basketball-reference.com/players/w/whiteco01.html,2024
30,Kyrie Irving,31,DAL,SG,58,58,2030,562,1131,.497,173,421,.411,389,710,.548,.573,190,210,.905,44,246,290,299,74,28,106,112,1487,0,CPOY-7,https://www.basketball-reference.com/players/i/irvinky01.html,2024
31,Jaren Jackson Jr.,24,MEM,C,66,66,2124,516,1162,.444,117,366,.320,399,796,.501,.494,337,417,.808,85,280,365,154,80,106,160,235,1486,0,,https://www.basketball-reference.com/players/j/jacksja02.html,2024
32,Cam Thomas,22,BRK,SG,66,51,2075,526,1190,.442,144,396,.364,382,794,.481,.503,286,334,.856,28,186,214,192,45,16,124,138,1482,0,,https://www.basketball-reference.com/players/t/thomaca02.html,2024
33,Donovan Mitchell,27,CLE,SG,55,55,1942,503,1089,.462,182,494,.368,321,595,.539,.545,275,318,.865,46,234,280,333,101,30,154,118,1463,0,AS,https://www.basketball-reference.com/players/m/mitchdo01.html,2024
34,Collin Sexton,25,UTA,SG,78,51,2075,506,1038,.487,128,325,.394,378,713,.530,.549,318,370,.859,71,134,205,383,62,18,165,154,1458,0,,https://www.basketball-reference.com/players/s/sextoco01.html,2024
35,Miles Bridges,25,CHO,SF,69,67,2581,559,1210,.462,157,450,.349,402,760,.529,.527,174,211,.825,71,434,505,231,65,33,138,118,1449,0,,https://www.basketball-reference.com/players/b/bridgmi02.html,2024
36,Franz Wagner,22,ORL,SF,72,72,2337,528,1096,.482,94,334,.281,434,762,.570,.525,271,319,.850,72,309,381,269,76,28,137,168,1421,0,,https://www.basketball-reference.com/players/w/wagnefr01.html,2024
37,Cade Cunningham,22,DET,PG,62,62,2074,524,1167,.449,119,335,.355,405,832,.487,.500,238,274,.869,33,235,268,464,56,22,212,153,1405,0,,https://www.basketball-reference.com/players/c/cunnica01.html,2024
38,Tyrese Haliburton,23,IND,PG,69,68,2224,500,1048,.477,195,535,.364,305,513,.595,.570,194,227,.855,35,236,271,752,83,48,159,75,1389,1,"AS,NBA3",https://www.basketball-reference.com/players/h/halibty01.html,2024
39,Trae Young,25,ATL,PG,54,54,1942,433,1008,.430,175,469,.373,258,539,.479,.516,348,407,.855,23,126,149,583,72,11,235,109,1389,0,AS,https://www.basketball-reference.com/players/y/youngtr01.html,2024
40,Klay Thompson,33,GSW,SF,77,63,2284,490,1133,.432,268,692,.387,222,441,.503,.551,127,137,.927,35,219,254,176,50,35,117,127,1375,0,,https://www.basketball-reference.com/players/t/thompkl01.html,2024
41,Nikola Vučević,33,CHI,C,76,74,2610,586,1211,.484,92,313,.294,494,898,.550,.522,106,129,.822,210,591,801,254,50,60,120,190,1370,0,,https://www.basketball-reference.com/players/v/vucevni01.html,2024
42,D'Angelo Russell,27,LAL,PG,76,69,2484,492,1080,.456,226,545,.415,266,535,.497,.560,159,192,.828,28,208,236,482,69,36,156,156,1369,0,,https://www.basketball-reference.com/players/r/russeda01.html,2024
43,Bam Adebayo,26,MIA,C,71,71,2416,530,1017,.521,15,42,.357,515,975,.528,.529,292,387,.755,159,578,737,278,81,66,162,159,1367,2,"DPOY-3,AS,DEF1",https://www.basketball-reference.com/players/a/adebaba01.html,2024
44,Chet Holmgren,21,OKC,C,82,82,2413,505,953,.530,129,349,.370,376,604,.623,.598,218,275,.793,129,519,648,200,53,190,131,197,1357,0,ROY-2,https://www.basketball-reference.com/players/h/holmgch01.html,2024
45,Jordan Poole,24,WAS,SG,78,66,2346,490,1186,.413,184,564,.326,306,622,.492,.491,192,219,.877,32,180,212,343,86,25,188,244,1356,0,,https://www.basketball-reference.com/players/p/poolejo01.html,2024
46,Michael Porter Jr.,25,DEN,SF,81,81,2565,522,1079,.484,220,554,.397,302,525,.575,.586,92,110,.836,106,459,565,122,42,53,92,148,1356,0,,https://www.basketball-reference.com/players/p/portemi01.html,2024
47,Jalen Williams,22,OKC,PF,71,71,2223,536,993,.540,103,241,.427,433,752,.576,.592,180,221,.814,37,245,282,322,80,45,123,175,1355,0,CPOY-12,https://www.basketball-reference.com/players/w/willija06.html,2024
48,Joel Embiid,29,PHI,C,39,39,1309,450,851,.529,54,139,.388,396,712,.556,.561,399,452,.883,95,335,430,219,46,66,150,112,1353,2,AS,https://www.basketball-reference.com/players/e/embiijo01.html,2024
49,Karl-Anthony Towns,28,MIN,PF,62,62,2026,479,951,.504,136,327,.416,343,624,.550,.575,255,292,.873,94,421,515,189,43,41,177,204,1349,0,AS,https://www.basketball-reference.com/players/t/townska01.html,2024
50,Bogdan Bogdanović,31,ATL,SG,79,33,2401,471,1100,.428,240,641,.374,231,459,.503,.537,151,164,.921,53,219,272,247,96,26,112,179,1333,0,6MOY-5,https://www.basketball-reference.com/players/b/bogdabo01.html,2024
1,Shai Gilgeous-Alexander,26,OKC,PG,76,76,2598,860,1656,.519,163,435,.375,697,1221,.571,.569,601,669,.898,67,312,379,486,131,77,183,164,2484,0,"MVP-1,DPOY-10,CPOY-8,AS,NBA1",https://www.basketball-reference.com/players/g/gilgesh01.html,2025
2,Anthony Edwards,23,MIN,SG,79,79,2871,721,1612,.447,320,811,.395,401,801,.501,.547,415,496,.837,61,389,450,359,91,51,249,150,2177,0,"MVP-7,CPOY-3,AS,NBA2",https://www.basketball-reference.com/players/e/edwaran01.html,2025
3,Nikola Jokić,29,DEN,C,70,70,2571,786,1364,.576,138,331,.417,648,1033,.627,.627,361,451,.800,200,692,892,716,127,45,230,160,2071,34,"MVP-2,CPOY-2,AS,NBA1",https://www.basketball-reference.com/players/j/jokicni01.html,2025
4,Giannis Antetokounmpo,30,MIL,PF,67,67,2289,793,1319,.601,14,63,.222,779,1256,.620,.607,436,707,.617,147,651,798,433,58,78,206,155,2036,11,"MVP-3,DPOY-8,AS,NBA1",https://www.basketball-reference.com/players/a/antetgi01.html,2025
5,Jayson Tatum,26,BOS,PF,72,72,2624,662,1465,.452,250,728,.343,412,737,.559,.537,358,440,.814,48,575,623,431,76,38,209,157,1932,2,"MVP-4,CPOY-10,AS,NBA1",https://www.basketball-reference.com/players/t/tatumja01.html,2025
6,Devin Booker,28,PHO,SG,75,75,2795,654,1420,.461,183,551,.332,471,869,.542,.525,432,483,.894,76,229,305,529,67,16,220,198,1923,0,,https://www.basketball-reference.com/players/b/bookede01.html,2025
7,Trae Young,26,ATL,PG,76,76,2739,566,1376,.411,218,642,.340,348,734,.474,.491,491,561,.875,36,200,236,880,91,12,355,145,1841,0,"CPOY-4,AS",https://www.basketball-reference.com/players/y/youngtr01.html,2025
8,Tyler Herro,25,MIA,SG,77,77,2725,651,1378,.472,251,670,.375,400,708,.565,.563,287,327,.878,35,364,399,424,69,17,198,85,1840,0,AS,https://www.basketball-reference.com/players/h/herroty01.html,2025
9,Cade Cunningham,23,DET,PG,70,70,2452,684,1457,.469,149,418,.356,535,1039,.515,.521,313,370,.846,56,369,425,638,71,53,309,195,1830,9,"MVP-7,AS,NBA3",https://www.basketball-reference.com/players/c/cunnica01.html,2025
10,James Harden,35,LAC,PG,79,79,2789,531,1295,.410,235,668,.352,296,627,.472,.501,505,578,.874,55,401,456,687,118,55,341,162,1802,3,"MVP-10,AS,NBA3",https://www.basketball-reference.com/players/h/hardeja01.html,2025
11,Karl-Anthony Towns,29,NYK,C,72,72,2517,639,1215,.526,142,338,.420,497,877,.567,.584,339,409,.829,212,708,920,222,71,50,192,249,1759,1,"AS,NBA3",https://www.basketball-reference.com/players/t/townska01.html,2025
12,Zach LaVine,29,2TM,SG,74,74,2602,625,1223,.511,239,536,.446,386,687,.562,.609,235,285,.825,22,293,315,310,58,12,208,121,1724,0,,https://www.basketball-reference.com/players/l/lavinza01.html,2025
12,Zach LaVine,29,CHI,SF,42,42,1432,363,710,.511,136,305,.446,227,405,.560,.607,145,182,.797,12,190,202,189,39,10,121,64,1007,0,,https://www.basketball-reference.com/players/l/lavinza01.html,2025
12,Zach LaVine,29,SAC,SG,32,32,1170,262,513,.511,103,231,.446,159,282,.564,.611,90,103,.874,10,103,113,121,19,2,87,57,717,0,,https://www.basketball-reference.com/players/l/lavinza01.html,2025
13,Jalen Green,22,HOU,SG,82,82,2697,608,1437,.423,234,661,.354,374,776,.482,.505,273,336,.813,45,332,377,282,71,27,203,127,1723,0,,https://www.basketball-reference.com/players/g/greenja05.html,2025
14,Stephen Curry,36,GSW,PG,70,70,2252,564,1258,.448,311,784,.397,253,474,.534,.572,279,299,.933,40,270,310,421,80,30,200,95,1718,0,"MVP-9,CPOY-5,AS,NBA2",https://www.basketball-reference.com/players/c/curryst01.html,2025
15,DeMar DeRozan,35,SAC,SF,77,77,2768,624,1308,.477,84,256,.328,540,1052,.513,.509,378,441,.857,50,248,298,342,62,32,105,150,1710,0,,https://www.basketball-reference.com/players/d/derozde01.html,2025
16,LeBron James,40,LAL,SF,70,70,2444,651,1270,.513,149,396,.376,502,874,.574,.571,259,331,.782,72,474,546,575,70,39,260,99,1710,10,"MVP-6,CPOY-7,AS,NBA2",https://www.basketball-reference.com/players/j/jamesle01.html,2025
17,Donovan Mitchell,28,CLE,SG,71,71,2232,585,1320,.443,233,633,.368,352,687,.512,.531,298,362,.823,57,265,322,354,95,17,149,140,1701,0,"MVP-5,CPOY-9,AS,NBA1",https://www.basketball-reference.com/players/m/mitchdo01.html,2025
18,Jalen Brunson,28,NYK,PG,65,65,2301,585,1200,.488,152,397,.383,433,803,.539,.551,368,448,.821,27,160,187,475,60,8,164,138,1690,0,"MVP-10,CPOY-1,AS,NBA2",https://www.basketball-reference.com/players/b/brunsja01.html,2025
19,Kevin Durant,36,PHO,PF,62,62,2265,592,1124,.527,160,372,.430,432,752,.574,.598,303,361,.839,23,351,374,263,50,77,190,104,1647,0,AS,https://www.basketball-reference.com/players/d/duranke01.html,2025
20,Jaren Jackson Jr.,25,MEM,C,74,74,2207,592,1213,.488,146,389,.375,446,824,.541,.548,311,398,.781,91,326,417,148,92,113,153,257,1641,0,"DPOY-7,AS,DEF2",https://www.basketball-reference.com/players/j/jacksja02.html,2025
21,Pascal Siakam,30,IND,PF,78,78,2548,613,1182,.519,126,324,.389,487,858,.568,.572,226,308,.734,133,407,540,263,70,42,109,189,1578,0,AS,https://www.basketball-reference.com/players/s/siakapa01.html,2025
22,Darius Garland,25,CLE,PG,75,75,2301,554,1174,.472,212,529,.401,342,645,.530,.562,224,255,.878,47,167,214,506,91,11,189,143,1544,0,"CPOY-6,AS",https://www.basketball-reference.com/players/g/garlada01.html,2025
23,Coby White,24,CHI,SG,74,73,2450,508,1121,.453,216,584,.370,292,537,.544,.550,277,307,.902,25,248,273,330,69,16,177,154,1509,0,,https://www.basketball-reference.com/players/w/whiteco01.html,2025
24,Jalen Williams,23,OKC,SG,69,69,2237,565,1168,.484,124,340,.365,441,828,.533,.537,236,299,.789,59,310,369,354,111,46,150,158,1490,0,"AS,NBA3,DEF2",https://www.basketball-reference.com/players/w/willija06.html,2025
25,Austin Reaves,26,LAL,SG,73,73,2550,477,1037,.460,200,531,.377,277,506,.547,.556,321,366,.877,61,268,329,421,81,22,177,151,1475,1,,https://www.basketball-reference.com/players/r/reaveau01.html,2025
26,De'Aaron Fox,27,2TM,PG,62,62,2241,539,1163,.463,118,381,.310,421,782,.538,.514,263,318,.827,54,244,298,392,91,25,174,164,1459,0,,https://www.basketball-reference.com/players/f/foxde01.html,2025
26,De'Aaron Fox,27,SAC,PG,45,45,1663,414,883,.469,92,286,.322,322,597,.539,.521,204,246,.829,45,180,225,276,66,20,133,118,1124,0,,https://www.basketball-reference.com/players/f/foxde01.html,2025
26,De'Aaron Fox,27,SAS,PG,17,17,578,125,280,.446,26,95,.274,99,185,.535,.493,59,72,.819,9,64,73,116,25,5,41,46,335,0,,https://www.basketball-reference.com/players/f/foxde01.html,2025
27,Alperen Şengün,22,HOU,C,76,76,2395,567,1143,.496,21,90,.233,546,1053,.519,.505,296,428,.692,262,524,786,372,84,61,194,209,1451,4,AS,https://www.basketball-reference.com/players/s/sengual01.html,2025
28,Franz Wagner,23,ORL,SF,60,60,2023,537,1161,.463,104,352,.295,433,809,.535,.507,271,311,.871,56,286,342,284,75,21,138,147,1449,0,,https://www.basketball-reference.com/players/w/wagnefr01.html,2025
29,Damian Lillard,34,MIL,PG,58,58,2093,444,992,.448,197,524,.376,247,468,.528,.547,362,393,.921,29,243,272,410,70,10,162,97,1447,2,AS,https://www.basketball-reference.com/players/l/lillada01.html,2025
30,Mikal Bridges,28,NYK,SF,82,82,3036,592,1183,.500,164,463,.354,428,720,.594,.570,96,118,.814,71,188,259,306,75,43,132,127,1444,0,,https://www.basketball-reference.com/players/b/bridgmi01.html,2025
31,Jamal Murray,27,DEN,PG,67,67,2418,531,1121,.474,156,397,.393,375,724,.518,.543,218,246,.886,45,216,261,403,91,33,138,128,1436,0,,https://www.basketball-reference.com/players/m/murraja01.html,2025
32,Bam Adebayo,27,MIA,C,78,78,2674,540,1113,.485,79,221,.357,461,892,.517,.521,251,328,.765,185,564,749,337,98,53,161,162,1410,1,DPOY-10,https://www.basketball-reference.com/players/a/adebaba01.html,2025
33,Luka Dončić,25,2TM,PG,50,50,1769,461,1025,.450,177,481,.368,284,544,.522,.536,309,395,.782,40,369,409,383,89,21,179,126,1408,5,,https://www.basketball-reference.com/players/d/doncilu01.html,2025
33,Luka Dončić,25,DAL,PG,22,22,785,216,466,.464,75,212,.354,141,254,.555,.544,112,146,.767,16,167,183,172,44,9,75,58,619,3,,https://www.basketball-reference.com/players/d/doncilu01.html,2025
33,Luka Dončić,25,LAL,PG,28,28,984,245,559,.438,102,269,.379,143,290,.493,.530,197,249,.791,24,202,226,211,45,12,104,68,789,2,,https://www.basketball-reference.com/players/d/doncilu01.html,2025
34,Jaylen Brown,28,BOS,SF,63,63,2158,518,1118,.463,116,358,.324,402,760,.529,.515,246,322,.764,82,286,368,286,73,19,162,154,1398,0,AS,https://www.basketball-reference.com/players/b/brownja02.html,2025
35,Michael Porter Jr.,26,DEN,SF,77,77,2593,528,1048,.504,193,489,.395,335,559,.599,.596,149,194,.768,138,402,540,165,50,38,104,157,1398,0,,https://www.basketball-reference.com/players/p/portemi01.html,2025
36,Jordan Poole,25,WAS,SG,68,68,2001,457,1057,.432,235,622,.378,222,435,.510,.544,242,274,.883,31,172,203,303,86,27,204,201,1391,0,,https://www.basketball-reference.com/players/p/poolejo01.html,2025
37,Tyrese Maxey,24,PHI,PG,52,52,1960,477,1091,.437,161,478,.337,316,613,.515,.511,254,289,.879,15,159,174,317,91,21,124,116,1369,1,CPOY-10,https://www.basketball-reference.com/players/m/maxeyty01.html,2025
38,Tyrese Haliburton,24,IND,PG,73,73,2451,476,1006,.473,218,562,.388,258,444,.581,.582,189,222,.851,42,216,258,673,105,49,120,92,1359,0,NBA3,https://www.basketball-reference.com/players/h/halibty01.html,2025
39,Nikola Vučević,34,CHI,C,73,72,2278,550,1038,.530,129,321,.402,421,717,.587,.592,120,149,.805,178,557,735,256,61,52,119,163,1349,1,,https://www.basketball-reference.com/players/v/vucevni01.html,2025
40,Anfernee Simons,25,POR,SG,70,70,2292,479,1125,.426,215,593,.363,264,532,.496,.521,175,194,.902,25,164,189,337,60,5,143,117,1348,0,,https://www.basketball-reference.com/players/s/simonan01.html,2025
41,Ivica Zubac,27,LAC,C,80,80,2624,592,942,.628,0,0,,592,942,.628,.628,156,236,.661,300,710,1010,214,55,90,127,168,1340,1,"DPOY-6,DEF2",https://www.basketball-reference.com/players/z/zubaciv01.html,2025
42,Domantas Sabonis,28,SAC,C,70,70,2429,527,893,.590,65,156,.417,462,737,.627,.627,218,289,.754,267,705,972,423,48,26,202,229,1337,10,,https://www.basketball-reference.com/players/s/sabondo01.html,2025
43,Malik Beasley,28,DET,SG,82,18,2283,461,1071,.430,319,766,.416,142,305,.466,.579,95,140,.679,47,167,214,139,73,5,83,125,1336,0,6MOY-2,https://www.basketball-reference.com/players/b/beaslma01.html,2025
44,Shaedon Sharpe,21,POR,SG,72,52,2252,499,1104,.452,147,472,.311,352,632,.557,.519,190,242,.785,68,256,324,198,62,16,150,120,1335,0,,https://www.basketball-reference.com/players/s/sharpsh01.html,2025
45,OG Anunoby,27,NYK,PF,74,74,2706,489,1027,.476,171,460,.372,318,567,.561,.559,183,226,.810,97,261,358,164,110,65,102,172,1332,0,,https://www.basketball-reference.com/players/a/anunoog01.html,2025
46,Desmond Bane,26,MEM,SG,69,68,2205,493,1018,.484,164,418,.392,329,600,.548,.565,177,198,.894,62,356,418,369,80,28,169,164,1327,1,,https://www.basketball-reference.com/players/b/banede01.html,2025
47,Evan Mobley,23,CLE,PF,71,71,2167,505,906,.557,85,230,.370,420,676,.621,.604,221,305,.725,164,495,659,226,61,113,145,141,1316,0,"MVP-10,DPOY-1,AS,NBA2,DEF1",https://www.basketball-reference.com/players/m/mobleev01.html,2025
48,Norman Powell,31,LAC,SG,60,60,1958,457,945,.484,179,428,.418,278,517,.538,.578,213,265,.804,21,169,190,125,73,9,108,114,1306,0,,https://www.basketball-reference.com/players/p/powelno01.html,2025
49,Miles Bridges,26,CHO,PF,64,64,2029,469,1089,.431,141,450,.313,328,639,.513,.495,221,254,.870,72,409,481,248,44,45,136,93,1300,1,,https://www.basketball-reference.com/players/b/bridgmi02.html,2025
50,Julius Randle,30,MIN,PF,69,69,2226,455,939,.485,108,314,.344,347,625,.555,.542,270,335,.806,144,343,487,323,47,16,196,175,1288,0,,https://www.basketball-reference.com/players/r/randlju01.html,2025
